2026-09-14T14:36:10.912337Z  INFO herdr::api::server: api server listening path=/home/liam/.config/herdr/herdr.sock
2026-09-14T14:36:10.915556Z  INFO herdr::app: using pane scrollback configuration pane_scrollback_limit_bytes=10000000
2026-09-14T14:36:11.011167Z  INFO herdr::logging: checking for updates event="update.check.start" subsystem="update" outcome="started"
2026-09-14T14:36:11.012013Z  INFO herdr::logging: spawning pane terminal event="pane.spawn.start" subsystem="pane" outcome="started" pane_id=1 rows=40 cols=120 scrollback_limit_bytes=10000000
2026-09-14T14:36:11.014160Z  INFO herdr::logging: pane child spawned event="pane.spawned" subsystem="pane" outcome="ok" pane_id=1 pid=765031
2026-09-14T14:36:11.014424Z  INFO herdr::logging: workspace created event="workspace.create" subsystem="workspace" outcome="ok" workspace_id="w1" pane_id=1
2026-09-14T14:36:11.014433Z  INFO herdr::logging: workspace focused event="workspace.focus" subsystem="workspace" outcome="ok" workspace_id="w1"
2026-09-14T14:36:11.014440Z  INFO herdr::logging: tab focused event="tab.focus" subsystem="tab" outcome="ok" workspace_id="w1" tab_id="w1:t1"
2026-09-14T14:36:11.014445Z  INFO herdr::server::headless::bootstrap: created startup workspace cwd=/home/liam
2026-09-14T14:36:11.014540Z  INFO herdr::server::headless: client protocol socket listening path=/home/liam/.config/herdr/herdr-client.sock
2026-09-14T14:36:11.014584Z  INFO herdr::server::headless::bootstrap: herdr server started api_socket=/home/liam/.config/herdr/herdr.sock client_socket=/home/liam/.config/herdr/herdr-client.sock
2026-09-14T14:36:11.014687Z  INFO herdr::logging: herdr starting event="app.startup" subsystem="server" outcome="started" pid=765009
2026-09-14T14:36:11.207624Z  WARN herdr::detect::manifest_update: skipping unknown remote manifest agent agent="letta"
2026-09-14T14:36:11.268827Z  INFO herdr::server::headless: client connected client_id=2 cols=180 rows=47 cell_width_px=9 cell_height_px=20 surface_active=true render_encoding=SemanticFrame
2026-09-14T14:36:16.016947Z  INFO herdr::logging: session saved event="persist.save" subsystem="persist" outcome="ok" path=/home/liam/.config/herdr/session.json workspaces=1
2026-09-14T15:06:11.013516Z  INFO herdr::logging: checking for updates event="update.check.start" subsystem="update" outcome="started"
2026-09-14T15:06:11.150441Z  WARN herdr::detect::manifest_update: skipping unknown remote manifest agent agent="letta"
2026-09-14T15:30:16.812112Z  INFO herdr::logging: spawning pane terminal event="pane.spawn.start" subsystem="pane" outcome="started" pane_id=2 rows=47 cols=180 scrollback_limit_bytes=10000000
2026-09-14T15:30:16.817301Z  INFO herdr::logging: pane child spawned event="pane.spawned" subsystem="pane" outcome="ok" pane_id=2 pid=864794
2026-09-14T15:30:16.818213Z  INFO herdr::logging: workspace created event="workspace.create" subsystem="workspace" outcome="ok" workspace_id="w2" pane_id=2
2026-09-14T15:30:16.818256Z  INFO herdr::logging: workspace focused event="workspace.focus" subsystem="workspace" outcome="ok" workspace_id="w2"
2026-09-14T15:30:16.818290Z  INFO herdr::logging: tab focused event="tab.focus" subsystem="tab" outcome="ok" workspace_id="w2" tab_id="w2:t1"
2026-09-14T15:30:20.073583Z  INFO herdr::logging: workspace focused event="workspace.focus" subsystem="workspace" outcome="ok" workspace_id="w1"
2026-09-14T15:30:20.073648Z  INFO herdr::logging: tab focused event="tab.focus" subsystem="tab" outcome="ok" workspace_id="w1" tab_id="w1:t1"
2026-09-14T15:30:20.073710Z  INFO herdr::logging: workspace focused event="workspace.focus" subsystem="workspace" outcome="ok" workspace_id="w1"
2026-09-14T15:30:20.073718Z  INFO herdr::logging: tab focused event="tab.focus" subsystem="tab" outcome="ok" workspace_id="w1" tab_id="w1:t1"
2026-09-14T15:30:22.895004Z  INFO herdr::logging: spawning pane terminal event="pane.spawn.start" subsystem="pane" outcome="started" pane_id=3 rows=47 cols=180 scrollback_limit_bytes=10000000
2026-09-14T15:30:22.900321Z  INFO herdr::logging: pane child spawned event="pane.spawned" subsystem="pane" outcome="ok" pane_id=3 pid=865043
2026-09-14T15:30:22.901666Z  INFO herdr::logging: tab focused event="tab.focus" subsystem="tab" outcome="ok" workspace_id="w1" tab_id="w1:t2"
2026-09-14T15:30:27.910962Z  INFO herdr::logging: session saved event="persist.save" subsystem="persist" outcome="ok" path=/home/liam/.config/herdr/session.json workspaces=2
2026-09-14T15:30:40.611524Z  INFO herdr::logging: tab focused event="tab.focus" subsystem="tab" outcome="ok" workspace_id="w1" tab_id="w1:t1"
2026-09-14T15:30:40.611651Z  INFO herdr::logging: tab focused event="tab.focus" subsystem="tab" outcome="ok" workspace_id="w1" tab_id="w1:t1"
2026-09-14T15:30:42.684308Z  INFO herdr::logging: tab focused event="tab.focus" subsystem="tab" outcome="ok" workspace_id="w1" tab_id="w1:t2"
2026-09-14T15:30:42.684483Z  INFO herdr::logging: tab focused event="tab.focus" subsystem="tab" outcome="ok" workspace_id="w1" tab_id="w1:t2"
2026-09-14T15:30:47.686825Z  INFO herdr::logging: session saved event="persist.save" subsystem="persist" outcome="ok" path=/home/liam/.config/herdr/session.json workspaces=2
2026-09-14T15:36:11.014399Z  INFO herdr::logging: checking for updates event="update.check.start" subsystem="update" outcome="started"
2026-09-14T15:36:11.165874Z  WARN herdr::detect::manifest_update: skipping unknown remote manifest agent agent="letta"
2026-09-14T16:06:11.015592Z  INFO herdr::logging: checking for updates event="update.check.start" subsystem="update" outcome="started"
2026-09-14T16:06:11.176619Z  WARN herdr::detect::manifest_update: skipping unknown remote manifest agent agent="letta"
2026-09-14T17:05:26.023434Z  INFO herdr::logging: checking for updates event="update.check.start" subsystem="update" outcome="started"
2026-09-14T17:05:26.190250Z  WARN herdr::detect::manifest_update: skipping unknown remote manifest agent agent="letta"
2026-09-14T17:08:15.483176Z  INFO herdr::logging: tab focused event="tab.focus" subsystem="tab" outcome="ok" workspace_id="w1" tab_id="w1:t1"
2026-09-14T17:08:15.483270Z  INFO herdr::logging: tab focused event="tab.focus" subsystem="tab" outcome="ok" workspace_id="w1" tab_id="w1:t1"
2026-09-14T17:08:20.492309Z  INFO herdr::logging: session saved event="persist.save" subsystem="persist" outcome="ok" path=/home/liam/.config/herdr/session.json workspaces=2
2026-09-14T17:12:47.552303Z  INFO herdr::logging: spawning pane terminal event="pane.spawn.start" subsystem="pane" outcome="started" pane_id=4 rows=47 cols=180 scrollback_limit_bytes=10000000
2026-09-14T17:12:47.555012Z  INFO herdr::logging: pane child spawned event="pane.spawned" subsystem="pane" outcome="ok" pane_id=4 pid=985995
2026-09-14T17:12:47.555370Z  INFO herdr::logging: tab renamed event="tab.rename" subsystem="tab" outcome="ok" workspace_id="w1" tab_id="w1:t3"
2026-09-14T17:12:47.555392Z  INFO herdr::logging: tab focused event="tab.focus" subsystem="tab" outcome="ok" workspace_id="w1" tab_id="w1:t3"
2026-09-14T17:12:52.563063Z  INFO herdr::logging: session saved event="persist.save" subsystem="persist" outcome="ok" path=/home/liam/.config/herdr/session.json workspaces=2
2026-09-14T17:14:18.726285Z  INFO herdr::logging: tab focused event="tab.focus" subsystem="tab" outcome="ok" workspace_id="w1" tab_id="w1:t2"
2026-09-14T17:14:18.726444Z  INFO herdr::logging: tab focused event="tab.focus" subsystem="tab" outcome="ok" workspace_id="w1" tab_id="w1:t2"
2026-09-14T17:14:20.626344Z  INFO herdr::logging: tab focused event="tab.focus" subsystem="tab" outcome="ok" workspace_id="w1" tab_id="w1:t1"
2026-09-14T17:14:20.626445Z  INFO herdr::logging: tab focused event="tab.focus" subsystem="tab" outcome="ok" workspace_id="w1" tab_id="w1:t1"
2026-09-14T17:14:25.629829Z  INFO herdr::logging: session saved event="persist.save" subsystem="persist" outcome="ok" path=/home/liam/.config/herdr/session.json workspaces=2
2026-09-14T17:14:38.736304Z  INFO herdr::logging: tab renamed event="tab.rename" subsystem="tab" outcome="ok" workspace_id="w1" tab_id="w1:t1"
2026-09-14T17:14:43.739385Z  INFO herdr::logging: session saved event="persist.save" subsystem="persist" outcome="ok" path=/home/liam/.config/herdr/session.json workspaces=2
2026-09-14T17:14:58.345271Z  INFO herdr::logging: tab focused event="tab.focus" subsystem="tab" outcome="ok" workspace_id="w1" tab_id="w1:t2"
2026-09-14T17:14:58.345398Z  INFO herdr::logging: tab focused event="tab.focus" subsystem="tab" outcome="ok" workspace_id="w1" tab_id="w1:t2"
2026-09-14T17:14:59.100033Z  INFO herdr::logging: tab focused event="tab.focus" subsystem="tab" outcome="ok" workspace_id="w1" tab_id="w1:t3"
2026-09-14T17:14:59.100128Z  INFO herdr::logging: tab focused event="tab.focus" subsystem="tab" outcome="ok" workspace_id="w1" tab_id="w1:t3"
2026-09-14T17:15:04.102713Z  INFO herdr::logging: session saved event="persist.save" subsystem="persist" outcome="ok" path=/home/liam/.config/herdr/session.json workspaces=2
2026-09-14T17:15:20.387013Z  INFO herdr::logging: tab focused event="tab.focus" subsystem="tab" outcome="ok" workspace_id="w1" tab_id="w1:t2"
2026-09-14T17:15:20.387110Z  INFO herdr::logging: tab focused event="tab.focus" subsystem="tab" outcome="ok" workspace_id="w1" tab_id="w1:t2"
2026-09-14T17:15:21.405681Z  INFO herdr::logging: tab focused event="tab.focus" subsystem="tab" outcome="ok" workspace_id="w1" tab_id="w1:t1"
2026-09-14T17:15:21.405774Z  INFO herdr::logging: tab focused event="tab.focus" subsystem="tab" outcome="ok" workspace_id="w1" tab_id="w1:t1"
2026-09-14T17:15:26.409232Z  INFO herdr::logging: session saved event="persist.save" subsystem="persist" outcome="ok" path=/home/liam/.config/herdr/session.json workspaces=2
2026-09-14T17:16:26.676380Z  INFO herdr::logging: tab focused event="tab.focus" subsystem="tab" outcome="ok" workspace_id="w1" tab_id="w1:t2"
2026-09-14T17:16:26.676509Z  INFO herdr::logging: tab focused event="tab.focus" subsystem="tab" outcome="ok" workspace_id="w1" tab_id="w1:t2"
2026-09-14T17:16:27.530447Z  INFO herdr::logging: tab focused event="tab.focus" subsystem="tab" outcome="ok" workspace_id="w1" tab_id="w1:t3"
2026-09-14T17:16:27.530553Z  INFO herdr::logging: tab focused event="tab.focus" subsystem="tab" outcome="ok" workspace_id="w1" tab_id="w1:t3"
2026-09-14T17:16:32.533198Z  INFO herdr::logging: session saved event="persist.save" subsystem="persist" outcome="ok" path=/home/liam/.config/herdr/session.json workspaces=2
2026-09-14T17:16:58.853142Z  INFO herdr::logging: tab focused event="tab.focus" subsystem="tab" outcome="ok" workspace_id="w1" tab_id="w1:t1"
2026-09-14T17:16:58.853266Z  INFO herdr::logging: tab focused event="tab.focus" subsystem="tab" outcome="ok" workspace_id="w1" tab_id="w1:t1"
2026-09-14T17:17:03.857098Z  INFO herdr::logging: session saved event="persist.save" subsystem="persist" outcome="ok" path=/home/liam/.config/herdr/session.json workspaces=2
2026-09-14T17:17:40.507905Z  INFO herdr::logging: tab focused event="tab.focus" subsystem="tab" outcome="ok" workspace_id="w1" tab_id="w1:t3"
2026-09-14T17:17:40.508173Z  INFO herdr::logging: tab focused event="tab.focus" subsystem="tab" outcome="ok" workspace_id="w1" tab_id="w1:t3"
2026-09-14T17:17:45.511697Z  INFO herdr::logging: session saved event="persist.save" subsystem="persist" outcome="ok" path=/home/liam/.config/herdr/session.json workspaces=2
2026-09-14T17:18:15.924312Z  INFO herdr::logging: tab focused event="tab.focus" subsystem="tab" outcome="ok" workspace_id="w1" tab_id="w1:t1"
2026-09-14T17:18:15.924489Z  INFO herdr::logging: tab focused event="tab.focus" subsystem="tab" outcome="ok" workspace_id="w1" tab_id="w1:t1"
2026-09-14T17:18:20.928008Z  INFO herdr::logging: session saved event="persist.save" subsystem="persist" outcome="ok" path=/home/liam/.config/herdr/session.json workspaces=2
2026-09-14T17:18:59.597624Z  INFO herdr::logging: tab focused event="tab.focus" subsystem="tab" outcome="ok" workspace_id="w1" tab_id="w1:t3"
2026-09-14T17:18:59.597724Z  INFO herdr::logging: tab focused event="tab.focus" subsystem="tab" outcome="ok" workspace_id="w1" tab_id="w1:t3"
2026-09-14T17:19:04.601264Z  INFO herdr::logging: session saved event="persist.save" subsystem="persist" outcome="ok" path=/home/liam/.config/herdr/session.json workspaces=2
2026-09-14T17:19:27.257708Z  INFO herdr::pane: agent changed pane=4 previous_agent=None agent=Some(Codex) process=codex pgid=Some(995781)
2026-09-14T17:19:33.021914Z  INFO herdr::logging: tab focused event="tab.focus" subsystem="tab" outcome="ok" workspace_id="w1" tab_id="w1:t1"
2026-09-14T17:19:33.022053Z  INFO herdr::logging: tab focused event="tab.focus" subsystem="tab" outcome="ok" workspace_id="w1" tab_id="w1:t1"
2026-09-14T17:19:38.027014Z  INFO herdr::logging: session saved event="persist.save" subsystem="persist" outcome="ok" path=/home/liam/.config/herdr/session.json workspaces=2
2026-09-14T17:19:49.789526Z  INFO herdr::logging: tab focused event="tab.focus" subsystem="tab" outcome="ok" workspace_id="w1" tab_id="w1:t3"
2026-09-14T17:19:49.789634Z  INFO herdr::logging: tab focused event="tab.focus" subsystem="tab" outcome="ok" workspace_id="w1" tab_id="w1:t3"
2026-09-14T17:19:54.793701Z  INFO herdr::logging: session saved event="persist.save" subsystem="persist" outcome="ok" path=/home/liam/.config/herdr/session.json workspaces=2
2026-09-14T17:20:16.760219Z  INFO herdr::logging: tab focused event="tab.focus" subsystem="tab" outcome="ok" workspace_id="w1" tab_id="w1:t1"
2026-09-14T17:20:16.760331Z  INFO herdr::logging: tab focused event="tab.focus" subsystem="tab" outcome="ok" workspace_id="w1" tab_id="w1:t1"
2026-09-14T17:20:21.764181Z  INFO herdr::logging: session saved event="persist.save" subsystem="persist" outcome="ok" path=/home/liam/.config/herdr/session.json workspaces=2
2026-09-14T17:21:00.732278Z  INFO herdr::logging: tab focused event="tab.focus" subsystem="tab" outcome="ok" workspace_id="w1" tab_id="w1:t3"
2026-09-14T17:21:00.732419Z  INFO herdr::logging: tab focused event="tab.focus" subsystem="tab" outcome="ok" workspace_id="w1" tab_id="w1:t3"
2026-09-14T17:21:05.736161Z  INFO herdr::logging: session saved event="persist.save" subsystem="persist" outcome="ok" path=/home/liam/.config/herdr/session.json workspaces=2
2026-09-14T17:22:16.319966Z  INFO herdr::logging: tab focused event="tab.focus" subsystem="tab" outcome="ok" workspace_id="w1" tab_id="w1:t1"
2026-09-14T17:22:16.320142Z  INFO herdr::logging: tab focused event="tab.focus" subsystem="tab" outcome="ok" workspace_id="w1" tab_id="w1:t1"
2026-09-14T17:22:21.325616Z  INFO herdr::logging: session saved event="persist.save" subsystem="persist" outcome="ok" path=/home/liam/.config/herdr/session.json workspaces=2
2026-09-14T17:27:15.238583Z  INFO herdr::logging: tab focused event="tab.focus" subsystem="tab" outcome="ok" workspace_id="w1" tab_id="w1:t2"
2026-09-14T17:27:15.238741Z  INFO herdr::logging: tab focused event="tab.focus" subsystem="tab" outcome="ok" workspace_id="w1" tab_id="w1:t2"
2026-09-14T17:27:20.241814Z  INFO herdr::logging: session saved event="persist.save" subsystem="persist" outcome="ok" path=/home/liam/.config/herdr/session.json workspaces=2
2026-09-14T17:27:27.905985Z  INFO herdr::logging: tab focused event="tab.focus" subsystem="tab" outcome="ok" workspace_id="w1" tab_id="w1:t1"
2026-09-14T17:27:27.906179Z  INFO herdr::logging: tab focused event="tab.focus" subsystem="tab" outcome="ok" workspace_id="w1" tab_id="w1:t1"
2026-09-14T17:27:32.910744Z  INFO herdr::logging: session saved event="persist.save" subsystem="persist" outcome="ok" path=/home/liam/.config/herdr/session.json workspaces=2
2026-09-14T17:29:50.123296Z  INFO herdr::logging: tab focused event="tab.focus" subsystem="tab" outcome="ok" workspace_id="w1" tab_id="w1:t3"
2026-09-14T17:29:50.123412Z  INFO herdr::logging: tab focused event="tab.focus" subsystem="tab" outcome="ok" workspace_id="w1" tab_id="w1:t3"
2026-09-14T17:29:54.297264Z  INFO herdr::pane: agent changed pane=4 previous_agent=Some(Codex) agent=None pgid=Some(985995)
2026-09-14T17:29:55.127334Z  INFO herdr::logging: session saved event="persist.save" subsystem="persist" outcome="ok" path=/home/liam/.config/herdr/session.json workspaces=2
2026-09-14T17:30:48.169304Z  INFO herdr::pane: agent changed pane=4 previous_agent=None agent=Some(Codex) process=codex pgid=Some(1013201)
2026-09-14T17:31:22.098718Z  INFO herdr::logging: tab focused event="tab.focus" subsystem="tab" outcome="ok" workspace_id="w1" tab_id="w1:t1"
2026-09-14T17:31:22.098990Z  INFO herdr::logging: tab focused event="tab.focus" subsystem="tab" outcome="ok" workspace_id="w1" tab_id="w1:t1"
2026-09-14T17:31:27.102995Z  INFO herdr::logging: session saved event="persist.save" subsystem="persist" outcome="ok" path=/home/liam/.config/herdr/session.json workspaces=2
2026-09-14T17:31:51.505595Z  INFO herdr::logging: tab focused event="tab.focus" subsystem="tab" outcome="ok" workspace_id="w1" tab_id="w1:t3"
2026-09-14T17:31:51.505764Z  INFO herdr::logging: tab focused event="tab.focus" subsystem="tab" outcome="ok" workspace_id="w1" tab_id="w1:t3"
2026-09-14T17:31:56.508384Z  INFO herdr::logging: session saved event="persist.save" subsystem="persist" outcome="ok" path=/home/liam/.config/herdr/session.json workspaces=2
2026-09-14T17:32:06.103262Z  INFO herdr::logging: tab focused event="tab.focus" subsystem="tab" outcome="ok" workspace_id="w1" tab_id="w1:t1"
2026-09-14T17:32:06.103372Z  INFO herdr::logging: tab focused event="tab.focus" subsystem="tab" outcome="ok" workspace_id="w1" tab_id="w1:t1"
2026-09-14T17:32:07.753852Z  INFO herdr::logging: tab focused event="tab.focus" subsystem="tab" outcome="ok" workspace_id="w1" tab_id="w1:t3"
2026-09-14T17:32:07.753985Z  INFO herdr::logging: tab focused event="tab.focus" subsystem="tab" outcome="ok" workspace_id="w1" tab_id="w1:t3"
2026-09-14T17:32:12.758037Z  INFO herdr::logging: session saved event="persist.save" subsystem="persist" outcome="ok" path=/home/liam/.config/herdr/session.json workspaces=2
2026-09-14T17:32:52.491348Z  INFO herdr::logging: tab focused event="tab.focus" subsystem="tab" outcome="ok" workspace_id="w1" tab_id="w1:t1"
2026-09-14T17:32:52.491580Z  INFO herdr::logging: tab focused event="tab.focus" subsystem="tab" outcome="ok" workspace_id="w1" tab_id="w1:t1"
2026-09-14T17:32:57.496050Z  INFO herdr::logging: session saved event="persist.save" subsystem="persist" outcome="ok" path=/home/liam/.config/herdr/session.json workspaces=2
2026-09-14T17:35:26.024870Z  INFO herdr::logging: checking for updates event="update.check.start" subsystem="update" outcome="started"
2026-09-14T17:35:26.180162Z  WARN herdr::detect::manifest_update: skipping unknown remote manifest agent agent="letta"
2026-09-14T17:36:14.205670Z  INFO herdr::logging: tab focused event="tab.focus" subsystem="tab" outcome="ok" workspace_id="w1" tab_id="w1:t3"
2026-09-14T17:36:14.205801Z  INFO herdr::logging: tab focused event="tab.focus" subsystem="tab" outcome="ok" workspace_id="w1" tab_id="w1:t3"
2026-09-14T17:36:19.209302Z  INFO herdr::logging: session saved event="persist.save" subsystem="persist" outcome="ok" path=/home/liam/.config/herdr/session.json workspaces=2
2026-09-14T17:36:51.867511Z  INFO herdr::logging: tab focused event="tab.focus" subsystem="tab" outcome="ok" workspace_id="w1" tab_id="w1:t1"
2026-09-14T17:36:51.867701Z  INFO herdr::logging: tab focused event="tab.focus" subsystem="tab" outcome="ok" workspace_id="w1" tab_id="w1:t1"
2026-09-14T17:36:56.871096Z  INFO herdr::logging: session saved event="persist.save" subsystem="persist" outcome="ok" path=/home/liam/.config/herdr/session.json workspaces=2
2026-09-14T17:37:32.595358Z  INFO herdr::logging: tab focused event="tab.focus" subsystem="tab" outcome="ok" workspace_id="w1" tab_id="w1:t3"
2026-09-14T17:37:32.595433Z  INFO herdr::logging: tab focused event="tab.focus" subsystem="tab" outcome="ok" workspace_id="w1" tab_id="w1:t3"
2026-09-14T17:37:36.814478Z  INFO herdr::pane: agent changed pane=4 previous_agent=Some(Codex) agent=None pgid=Some(985995)
2026-09-14T17:37:37.318472Z  INFO herdr::pane: agent changed pane=4 previous_agent=None agent=Some(Codex) process=codex pgid=Some(1024744)
2026-09-14T17:37:37.599184Z  INFO herdr::logging: session saved event="persist.save" subsystem="persist" outcome="ok" path=/home/liam/.config/herdr/session.json workspaces=2
2026-09-14T17:41:54.629072Z  INFO herdr::logging: tab focused event="tab.focus" subsystem="tab" outcome="ok" workspace_id="w1" tab_id="w1:t1"
2026-09-14T17:41:54.629198Z  INFO herdr::logging: tab focused event="tab.focus" subsystem="tab" outcome="ok" workspace_id="w1" tab_id="w1:t1"
2026-09-14T17:41:59.633506Z  INFO herdr::logging: session saved event="persist.save" subsystem="persist" outcome="ok" path=/home/liam/.config/herdr/session.json workspaces=2
2026-09-14T18:05:26.923325Z  INFO herdr::logging: checking for updates event="update.check.start" subsystem="update" outcome="started"
2026-09-14T18:05:27.100998Z  WARN herdr::detect::manifest_update: skipping unknown remote manifest agent agent="letta"
2026-09-14T18:35:26.924223Z  INFO herdr::logging: checking for updates event="update.check.start" subsystem="update" outcome="started"
2026-09-14T18:35:27.144436Z  WARN herdr::detect::manifest_update: skipping unknown remote manifest agent agent="letta"
2026-09-14T18:35:34.741949Z  INFO herdr::logging: tab focused event="tab.focus" subsystem="tab" outcome="ok" workspace_id="w1" tab_id="w1:t2"
2026-09-14T18:35:34.742120Z  INFO herdr::logging: tab focused event="tab.focus" subsystem="tab" outcome="ok" workspace_id="w1" tab_id="w1:t2"
2026-09-14T18:35:36.882784Z  INFO herdr::logging: tab focused event="tab.focus" subsystem="tab" outcome="ok" workspace_id="w1" tab_id="w1:t3"
2026-09-14T18:35:36.882910Z  INFO herdr::logging: tab focused event="tab.focus" subsystem="tab" outcome="ok" workspace_id="w1" tab_id="w1:t3"
2026-09-14T18:35:41.886076Z  INFO herdr::logging: session saved event="persist.save" subsystem="persist" outcome="ok" path=/home/liam/.config/herdr/session.json workspaces=2
2026-09-14T18:37:59.917593Z  INFO herdr::pane: agent changed pane=4 previous_agent=Some(Codex) agent=None pgid=Some(985995)
2026-09-14T18:38:03.605143Z  INFO herdr::logging: tab focused event="tab.focus" subsystem="tab" outcome="ok" workspace_id="w1" tab_id="w1:t1"
2026-09-14T18:38:03.605256Z  INFO herdr::logging: tab focused event="tab.focus" subsystem="tab" outcome="ok" workspace_id="w1" tab_id="w1:t1"
2026-09-14T18:38:08.607400Z  INFO herdr::logging: session saved event="persist.save" subsystem="persist" outcome="ok" path=/home/liam/.config/herdr/session.json workspaces=2
2026-09-14T19:05:26.924817Z  INFO herdr::logging: checking for updates event="update.check.start" subsystem="update" outcome="started"
2026-09-14T19:05:27.125162Z  WARN herdr::detect::manifest_update: skipping unknown remote manifest agent agent="letta"
2026-09-14T19:07:14.322438Z  INFO herdr::logging: tab focused event="tab.focus" subsystem="tab" outcome="ok" workspace_id="w1" tab_id="w1:t3"
2026-09-14T19:07:14.322533Z  INFO herdr::logging: tab focused event="tab.focus" subsystem="tab" outcome="ok" workspace_id="w1" tab_id="w1:t3"
2026-09-14T19:07:16.449493Z  INFO herdr::pane: agent changed pane=4 previous_agent=None agent=Some(Codex) process=codex pgid=Some(1230737)
2026-09-14T19:07:19.325763Z  INFO herdr::logging: session saved event="persist.save" subsystem="persist" outcome="ok" path=/home/liam/.config/herdr/session.json workspaces=2
2026-09-14T19:12:28.755596Z  INFO herdr::logging: tab focused event="tab.focus" subsystem="tab" outcome="ok" workspace_id="w1" tab_id="w1:t1"
2026-09-14T19:12:28.755767Z  INFO herdr::logging: tab focused event="tab.focus" subsystem="tab" outcome="ok" workspace_id="w1" tab_id="w1:t1"
2026-09-14T19:12:33.758528Z  INFO herdr::logging: session saved event="persist.save" subsystem="persist" outcome="ok" path=/home/liam/.config/herdr/session.json workspaces=2
2026-09-14T19:35:26.926724Z  INFO herdr::logging: checking for updates event="update.check.start" subsystem="update" outcome="started"
2026-09-14T19:35:27.096606Z  WARN herdr::detect::manifest_update: skipping unknown remote manifest agent agent="letta"
2026-09-14T19:46:19.005178Z  INFO herdr::server::headless: client detached client_id=2
2026-09-14T20:02:34.884858Z  INFO herdr::api::server: api server listening path=/home/liam/.config/herdr/herdr.sock
2026-09-14T20:02:34.887878Z  INFO herdr::logging: spawning pane terminal event="pane.spawn.start" subsystem="pane" outcome="started" pane_id=1 rows=24 cols=80 scrollback_limit_bytes=10000000
2026-09-14T20:02:34.889449Z  INFO herdr::logging: pane child spawned event="pane.spawned" subsystem="pane" outcome="ok" pane_id=1 pid=42308
2026-09-14T20:02:34.889864Z  INFO herdr::logging: spawning pane terminal event="pane.spawn.start" subsystem="pane" outcome="started" pane_id=2 rows=24 cols=80 scrollback_limit_bytes=10000000
2026-09-14T20:02:34.891981Z  INFO herdr::logging: pane child spawned event="pane.spawned" subsystem="pane" outcome="ok" pane_id=2 pid=42311
2026-09-14T20:02:34.892544Z  INFO herdr::logging: spawning pane terminal event="pane.spawn.start" subsystem="pane" outcome="started" pane_id=3 rows=24 cols=80 scrollback_limit_bytes=10000000
2026-09-14T20:02:34.894685Z  INFO herdr::logging: pane child spawned event="pane.spawned" subsystem="pane" outcome="ok" pane_id=3 pid=42314
2026-09-14T20:02:34.895442Z  INFO herdr::logging: spawning pane terminal event="pane.spawn.start" subsystem="pane" outcome="started" pane_id=4 rows=24 cols=80 scrollback_limit_bytes=10000000
2026-09-14T20:02:34.897548Z  INFO herdr::logging: pane child spawned event="pane.spawned" subsystem="pane" outcome="ok" pane_id=4 pid=42317
2026-09-14T20:02:34.897963Z  INFO herdr::logging: session restore evaluated event="persist.restore" subsystem="persist" outcome="ok" workspaces=2
2026-09-14T20:02:34.898014Z  INFO herdr::app: using pane scrollback configuration pane_scrollback_limit_bytes=10000000
2026-09-14T20:02:35.223871Z  INFO herdr::logging: checking for updates event="update.check.start" subsystem="update" outcome="started"
2026-09-14T20:02:35.225964Z  INFO herdr::server::headless::bootstrap: restored session already has workspaces; ignoring startup cwd cwd=/home/liam
2026-09-14T20:02:35.226542Z  INFO herdr::server::headless: client protocol socket listening path=/home/liam/.config/herdr/herdr-client.sock
2026-09-14T20:02:35.226710Z  INFO herdr::server::headless::bootstrap: herdr server started api_socket=/home/liam/.config/herdr/herdr.sock client_socket=/home/liam/.config/herdr/herdr-client.sock
2026-09-14T20:02:35.227060Z  INFO herdr::logging: herdr starting event="app.startup" subsystem="server" outcome="started" pid=42288
2026-09-14T20:02:35.348451Z  INFO herdr::server::headless: client connected client_id=2 cols=180 rows=47 cell_width_px=9 cell_height_px=20 surface_active=true render_encoding=SemanticFrame
2026-09-14T20:02:35.404970Z  WARN herdr::detect::manifest_update: skipping unknown remote manifest agent agent="letta"
2026-09-14T20:26:29.562823Z  INFO herdr::server::headless: client detached client_id=2
2026-09-14T21:16:58.569667Z  INFO herdr::api::server: api server listening path=/home/liam/.config/herdr/herdr.sock
2026-09-14T21:16:58.574697Z  INFO herdr::logging: spawning pane terminal event="pane.spawn.start" subsystem="pane" outcome="started" pane_id=1 rows=24 cols=80 scrollback_limit_bytes=10000000
2026-09-14T21:16:58.578246Z  INFO herdr::logging: pane child spawned event="pane.spawned" subsystem="pane" outcome="ok" pane_id=1 pid=7433
2026-09-14T21:16:58.578938Z  INFO herdr::logging: spawning pane terminal event="pane.spawn.start" subsystem="pane" outcome="started" pane_id=2 rows=24 cols=80 scrollback_limit_bytes=10000000
2026-09-14T21:16:58.581053Z  INFO herdr::logging: pane child spawned event="pane.spawned" subsystem="pane" outcome="ok" pane_id=2 pid=7436
2026-09-14T21:16:58.581803Z  INFO herdr::logging: spawning pane terminal event="pane.spawn.start" subsystem="pane" outcome="started" pane_id=3 rows=24 cols=80 scrollback_limit_bytes=10000000
2026-09-14T21:16:58.584074Z  INFO herdr::logging: pane child spawned event="pane.spawned" subsystem="pane" outcome="ok" pane_id=3 pid=7439
2026-09-14T21:16:58.584951Z  INFO herdr::logging: spawning pane terminal event="pane.spawn.start" subsystem="pane" outcome="started" pane_id=4 rows=24 cols=80 scrollback_limit_bytes=10000000
2026-09-14T21:16:58.587249Z  INFO herdr::logging: pane child spawned event="pane.spawned" subsystem="pane" outcome="ok" pane_id=4 pid=7442
2026-09-14T21:16:58.587919Z  INFO herdr::logging: session restore evaluated event="persist.restore" subsystem="persist" outcome="ok" workspaces=2
2026-09-14T21:16:58.588016Z  INFO herdr::app: using pane scrollback configuration pane_scrollback_limit_bytes=10000000
2026-09-14T21:16:58.943391Z  INFO herdr::logging: checking for updates event="update.check.start" subsystem="update" outcome="started"
2026-09-14T21:16:58.944792Z  INFO herdr::server::headless::bootstrap: restored session already has workspaces; ignoring startup cwd cwd=/home/liam
2026-09-14T21:16:58.945261Z  INFO herdr::server::headless: client protocol socket listening path=/home/liam/.config/herdr/herdr-client.sock
2026-09-14T21:16:58.945468Z  INFO herdr::server::headless::bootstrap: herdr server started api_socket=/home/liam/.config/herdr/herdr.sock client_socket=/home/liam/.config/herdr/herdr-client.sock
2026-09-14T21:16:58.945764Z  INFO herdr::logging: herdr starting event="app.startup" subsystem="server" outcome="started" pid=7415
2026-09-14T21:16:59.101879Z  WARN herdr::detect::manifest_update: skipping unknown remote manifest agent agent="letta"
2026-09-14T21:16:59.135607Z  INFO herdr::server::headless: client connected client_id=2 cols=217 rows=68 cell_width_px=9 cell_height_px=20 surface_active=true render_encoding=SemanticFrame
2026-09-14T21:17:03.165143Z  INFO herdr::logging: tab focused event="tab.focus" subsystem="tab" outcome="ok" workspace_id="w1" tab_id="w1:t3"
2026-09-14T21:17:03.167196Z  INFO herdr::logging: tab focused event="tab.focus" subsystem="tab" outcome="ok" workspace_id="w1" tab_id="w1:t3"
2026-09-14T21:17:08.173510Z  INFO herdr::logging: session saved event="persist.save" subsystem="persist" outcome="ok" path=/home/liam/.config/herdr/session.json workspaces=2
2026-09-14T21:17:19.306830Z  INFO herdr::pane: agent changed pane=3 previous_agent=None agent=Some(Codex) process=codex pgid=Some(8813)
2026-09-14T21:18:12.572811Z  INFO herdr::logging: tab focused event="tab.focus" subsystem="tab" outcome="ok" workspace_id="w1" tab_id="w1:t1"
2026-09-14T21:18:12.572890Z  INFO herdr::logging: tab focused event="tab.focus" subsystem="tab" outcome="ok" workspace_id="w1" tab_id="w1:t1"
2026-09-14T21:18:17.582800Z  INFO herdr::logging: session saved event="persist.save" subsystem="persist" outcome="ok" path=/home/liam/.config/herdr/session.json workspaces=2
2026-09-14T21:19:27.724240Z  INFO herdr::logging: tab focused event="tab.focus" subsystem="tab" outcome="ok" workspace_id="w1" tab_id="w1:t3"
2026-09-14T21:19:27.724385Z  INFO herdr::logging: tab focused event="tab.focus" subsystem="tab" outcome="ok" workspace_id="w1" tab_id="w1:t3"
2026-09-14T21:19:32.728555Z  INFO herdr::logging: session saved event="persist.save" subsystem="persist" outcome="ok" path=/home/liam/.config/herdr/session.json workspaces=2
2026-09-14T21:46:58.946893Z  INFO herdr::logging: checking for updates event="update.check.start" subsystem="update" outcome="started"
2026-09-14T21:46:59.075931Z  WARN herdr::detect::manifest_update: skipping unknown remote manifest agent agent="letta"
2026-09-14T22:16:58.948108Z  INFO herdr::logging: checking for updates event="update.check.start" subsystem="update" outcome="started"
2026-09-14T22:16:59.057616Z  WARN herdr::detect::manifest_update: skipping unknown remote manifest agent agent="letta"
2026-09-14T22:47:45.349981Z  INFO herdr::server::headless: client detached client_id=2
2026-09-15T12:23:15.254489Z  INFO herdr::api::server: api server listening path=/home/liam/.config/herdr/herdr.sock
2026-09-15T12:23:15.258282Z  INFO herdr::logging: spawning pane terminal event="pane.spawn.start" subsystem="pane" outcome="started" pane_id=1 rows=24 cols=80 scrollback_limit_bytes=10000000
2026-09-15T12:23:15.260081Z  INFO herdr::logging: pane child spawned event="pane.spawned" subsystem="pane" outcome="ok" pane_id=1 pid=13532
2026-09-15T12:23:15.260493Z  INFO herdr::logging: spawning pane terminal event="pane.spawn.start" subsystem="pane" outcome="started" pane_id=2 rows=24 cols=80 scrollback_limit_bytes=10000000
2026-09-15T12:23:15.261947Z  INFO herdr::logging: pane child spawned event="pane.spawned" subsystem="pane" outcome="ok" pane_id=2 pid=13535
2026-09-15T12:23:15.262392Z  INFO herdr::logging: spawning pane terminal event="pane.spawn.start" subsystem="pane" outcome="started" pane_id=3 rows=24 cols=80 scrollback_limit_bytes=10000000
2026-09-15T12:23:15.263966Z  INFO herdr::logging: pane child spawned event="pane.spawned" subsystem="pane" outcome="ok" pane_id=3 pid=13538
2026-09-15T12:23:15.264402Z  INFO herdr::logging: spawning pane terminal event="pane.spawn.start" subsystem="pane" outcome="started" pane_id=4 rows=24 cols=80 scrollback_limit_bytes=10000000
2026-09-15T12:23:15.265771Z  INFO herdr::logging: pane child spawned event="pane.spawned" subsystem="pane" outcome="ok" pane_id=4 pid=13541
2026-09-15T12:23:15.266054Z  INFO herdr::logging: session restore evaluated event="persist.restore" subsystem="persist" outcome="ok" workspaces=2
2026-09-15T12:23:15.266087Z  INFO herdr::app: using pane scrollback configuration pane_scrollback_limit_bytes=10000000
2026-09-15T12:23:15.481600Z  INFO herdr::logging: checking for updates event="update.check.start" subsystem="update" outcome="started"
2026-09-15T12:23:15.482885Z  INFO herdr::server::headless::bootstrap: restored session already has workspaces; ignoring startup cwd cwd=/home/liam
2026-09-15T12:23:15.483323Z  INFO herdr::server::headless: client protocol socket listening path=/home/liam/.config/herdr/herdr-client.sock
2026-09-15T12:23:15.483422Z  INFO herdr::server::headless::bootstrap: herdr server started api_socket=/home/liam/.config/herdr/herdr.sock client_socket=/home/liam/.config/herdr/herdr-client.sock
2026-09-15T12:23:15.483694Z  INFO herdr::logging: herdr starting event="app.startup" subsystem="server" outcome="started" pid=13514
2026-09-15T12:23:15.614226Z  WARN herdr::detect::manifest_update: skipping unknown remote manifest agent agent="letta"
2026-09-15T12:23:15.664277Z  INFO herdr::server::headless: client connected client_id=2 cols=180 rows=47 cell_width_px=9 cell_height_px=20 surface_active=true render_encoding=SemanticFrame
2026-09-15T12:23:18.838135Z  INFO herdr::pane: agent changed pane=3 previous_agent=None agent=Some(Codex) process=codex pgid=Some(14468)
2026-09-15T12:24:36.132211Z  INFO herdr::logging: tab focused event="tab.focus" subsystem="tab" outcome="ok" workspace_id="w1" tab_id="w1:t2"
2026-09-15T12:24:36.132300Z  INFO herdr::logging: tab focused event="tab.focus" subsystem="tab" outcome="ok" workspace_id="w1" tab_id="w1:t2"
2026-09-15T12:24:41.135021Z  INFO herdr::logging: session saved event="persist.save" subsystem="persist" outcome="ok" path=/home/liam/.config/herdr/session.json workspaces=2
2026-09-15T12:25:06.896648Z  INFO herdr::logging: tab focused event="tab.focus" subsystem="tab" outcome="ok" workspace_id="w1" tab_id="w1:t3"
2026-09-15T12:25:06.896725Z  INFO herdr::logging: tab focused event="tab.focus" subsystem="tab" outcome="ok" workspace_id="w1" tab_id="w1:t3"
2026-09-15T12:25:09.953352Z  INFO herdr::pane: agent changed pane=3 previous_agent=Some(Codex) agent=None pgid=Some(13538)
2026-09-15T12:25:11.899579Z  INFO herdr::logging: session saved event="persist.save" subsystem="persist" outcome="ok" path=/home/liam/.config/herdr/session.json workspaces=2
2026-09-15T12:40:52.405685Z  INFO herdr::logging: tab focused event="tab.focus" subsystem="tab" outcome="ok" workspace_id="w1" tab_id="w1:t1"
2026-09-15T12:40:52.405766Z  INFO herdr::logging: tab focused event="tab.focus" subsystem="tab" outcome="ok" workspace_id="w1" tab_id="w1:t1"
2026-09-15T12:40:57.408828Z  INFO herdr::logging: session saved event="persist.save" subsystem="persist" outcome="ok" path=/home/liam/.config/herdr/session.json workspaces=2
2026-09-15T12:53:15.485074Z  INFO herdr::logging: checking for updates event="update.check.start" subsystem="update" outcome="started"
2026-09-15T12:53:15.613747Z  WARN herdr::detect::manifest_update: skipping unknown remote manifest agent agent="letta"
2026-09-15T13:23:15.486775Z  INFO herdr::logging: checking for updates event="update.check.start" subsystem="update" outcome="started"
2026-09-15T13:23:16.103854Z  WARN herdr::detect::manifest_update: skipping unknown remote manifest agent agent="letta"
2026-09-15T13:53:15.488067Z  INFO herdr::logging: checking for updates event="update.check.start" subsystem="update" outcome="started"
2026-09-15T13:53:15.667462Z  WARN herdr::detect::manifest_update: skipping unknown remote manifest agent agent="letta"
2026-09-15T14:23:15.489764Z  INFO herdr::logging: checking for updates event="update.check.start" subsystem="update" outcome="started"
2026-09-15T14:23:15.642048Z  WARN herdr::detect::manifest_update: skipping unknown remote manifest agent agent="letta"
2026-09-15T14:53:15.491042Z  INFO herdr::logging: checking for updates event="update.check.start" subsystem="update" outcome="started"
2026-09-15T14:53:15.669094Z  WARN herdr::detect::manifest_update: skipping unknown remote manifest agent agent="letta"
2026-09-15T15:23:15.492685Z  INFO herdr::logging: checking for updates event="update.check.start" subsystem="update" outcome="started"
2026-09-15T15:23:15.676646Z  WARN herdr::detect::manifest_update: skipping unknown remote manifest agent agent="letta"
2026-09-15T15:53:15.494258Z  INFO herdr::logging: checking for updates event="update.check.start" subsystem="update" outcome="started"
2026-09-15T15:53:15.716142Z  WARN herdr::detect::manifest_update: skipping unknown remote manifest agent agent="letta"
2026-09-15T16:23:15.495273Z  INFO herdr::logging: checking for updates event="update.check.start" subsystem="update" outcome="started"
2026-09-15T16:23:15.658834Z  WARN herdr::detect::manifest_update: skipping unknown remote manifest agent agent="letta"
2026-09-15T17:00:29.002705Z  INFO herdr::logging: checking for updates event="update.check.start" subsystem="update" outcome="started"
2026-09-15T17:00:29.370285Z  WARN herdr::detect::manifest_update: skipping unknown remote manifest agent agent="letta"
2026-09-15T17:30:29.003917Z  INFO herdr::logging: checking for updates event="update.check.start" subsystem="update" outcome="started"
2026-09-15T17:30:29.179966Z  WARN herdr::detect::manifest_update: skipping unknown remote manifest agent agent="letta"
2026-09-15T17:40:06.938357Z  INFO herdr::logging: tab focused event="tab.focus" subsystem="tab" outcome="ok" workspace_id="w1" tab_id="w1:t2"
2026-09-15T17:40:06.938635Z  INFO herdr::logging: tab focused event="tab.focus" subsystem="tab" outcome="ok" workspace_id="w1" tab_id="w1:t2"
2026-09-15T17:40:11.650196Z  INFO herdr::logging: tab focused event="tab.focus" subsystem="tab" outcome="ok" workspace_id="w1" tab_id="w1:t3"
2026-09-15T17:40:11.650457Z  INFO herdr::logging: tab focused event="tab.focus" subsystem="tab" outcome="ok" workspace_id="w1" tab_id="w1:t3"
2026-09-15T17:40:16.654097Z  INFO herdr::logging: session saved event="persist.save" subsystem="persist" outcome="ok" path=/home/liam/.config/herdr/session.json workspaces=2
2026-09-15T17:51:18.517455Z  INFO herdr::logging: tab focused event="tab.focus" subsystem="tab" outcome="ok" workspace_id="w1" tab_id="w1:t1"
2026-09-15T17:51:18.517718Z  INFO herdr::logging: tab focused event="tab.focus" subsystem="tab" outcome="ok" workspace_id="w1" tab_id="w1:t1"
2026-09-15T17:51:23.521115Z  INFO herdr::logging: session saved event="persist.save" subsystem="persist" outcome="ok" path=/home/liam/.config/herdr/session.json workspaces=2
2026-09-15T17:57:16.868298Z  INFO herdr::logging: tab focused event="tab.focus" subsystem="tab" outcome="ok" workspace_id="w1" tab_id="w1:t3"
2026-09-15T17:57:16.868490Z  INFO herdr::logging: tab focused event="tab.focus" subsystem="tab" outcome="ok" workspace_id="w1" tab_id="w1:t3"
2026-09-15T17:57:21.873205Z  INFO herdr::logging: session saved event="persist.save" subsystem="persist" outcome="ok" path=/home/liam/.config/herdr/session.json workspaces=2
2026-09-15T18:00:30.000000Z  INFO herdr::logging: checking for updates event="update.check.start" subsystem="update" outcome="started"
2026-09-15T18:00:30.196723Z  WARN herdr::detect::manifest_update: skipping unknown remote manifest agent agent="letta"
2026-09-15T18:19:37.329064Z  INFO herdr::logging: tab focused event="tab.focus" subsystem="tab" outcome="ok" workspace_id="w1" tab_id="w1:t1"
2026-09-15T18:19:37.329223Z  INFO herdr::logging: tab focused event="tab.focus" subsystem="tab" outcome="ok" workspace_id="w1" tab_id="w1:t1"
2026-09-15T18:19:42.333141Z  INFO herdr::logging: session saved event="persist.save" subsystem="persist" outcome="ok" path=/home/liam/.config/herdr/session.json workspaces=2
2026-09-15T18:30:30.001357Z  INFO herdr::logging: checking for updates event="update.check.start" subsystem="update" outcome="started"
2026-09-15T18:30:30.181804Z  WARN herdr::detect::manifest_update: skipping unknown remote manifest agent agent="letta"
2026-09-15T18:37:40.911339Z  INFO herdr::logging: tab focused event="tab.focus" subsystem="tab" outcome="ok" workspace_id="w1" tab_id="w1:t3"
2026-09-15T18:37:40.911702Z  INFO herdr::logging: tab focused event="tab.focus" subsystem="tab" outcome="ok" workspace_id="w1" tab_id="w1:t3"
2026-09-15T18:37:45.934055Z  INFO herdr::logging: session saved event="persist.save" subsystem="persist" outcome="ok" path=/home/liam/.config/herdr/session.json workspaces=2
2026-09-15T18:44:57.104068Z  INFO herdr::logging: tab focused event="tab.focus" subsystem="tab" outcome="ok" workspace_id="w1" tab_id="w1:t1"
2026-09-15T18:44:57.104338Z  INFO herdr::logging: tab focused event="tab.focus" subsystem="tab" outcome="ok" workspace_id="w1" tab_id="w1:t1"
2026-09-15T18:45:02.107894Z  INFO herdr::logging: session saved event="persist.save" subsystem="persist" outcome="ok" path=/home/liam/.config/herdr/session.json workspaces=2
2026-09-15T18:47:08.997359Z  INFO herdr::logging: tab focused event="tab.focus" subsystem="tab" outcome="ok" workspace_id="w1" tab_id="w1:t3"
2026-09-15T18:47:08.997560Z  INFO herdr::logging: tab focused event="tab.focus" subsystem="tab" outcome="ok" workspace_id="w1" tab_id="w1:t3"
2026-09-15T18:47:14.000140Z  INFO herdr::logging: session saved event="persist.save" subsystem="persist" outcome="ok" path=/home/liam/.config/herdr/session.json workspaces=2
2026-09-15T18:52:04.119028Z  INFO herdr::logging: tab focused event="tab.focus" subsystem="tab" outcome="ok" workspace_id="w1" tab_id="w1:t1"
2026-09-15T18:52:04.119127Z  INFO herdr::logging: tab focused event="tab.focus" subsystem="tab" outcome="ok" workspace_id="w1" tab_id="w1:t1"
2026-09-15T18:52:09.122117Z  INFO herdr::logging: session saved event="persist.save" subsystem="persist" outcome="ok" path=/home/liam/.config/herdr/session.json workspaces=2
2026-09-15T18:56:50.329518Z  INFO herdr::logging: tab focused event="tab.focus" subsystem="tab" outcome="ok" workspace_id="w1" tab_id="w1:t1"
2026-09-15T18:56:51.729346Z  INFO herdr::logging: tab focused event="tab.focus" subsystem="tab" outcome="ok" workspace_id="w1" tab_id="w1:t3"
2026-09-15T18:56:51.729437Z  INFO herdr::logging: tab focused event="tab.focus" subsystem="tab" outcome="ok" workspace_id="w1" tab_id="w1:t3"
2026-09-15T18:56:56.733343Z  INFO herdr::logging: session saved event="persist.save" subsystem="persist" outcome="ok" path=/home/liam/.config/herdr/session.json workspaces=2
2026-09-15T18:57:33.581398Z  INFO herdr::logging: pane child exited event="pane.exit" subsystem="pane" outcome="completed" pane_id=3 status="ExitStatus { code: 1, signal: None }"
2026-09-15T18:57:33.581678Z  INFO herdr::pane: pane session terminated pane=3 pid=13538 signal=Hangup
2026-09-15T18:57:38.584219Z  INFO herdr::logging: session saved event="persist.save" subsystem="persist" outcome="ok" path=/home/liam/.config/herdr/session.json workspaces=2
2026-09-15T18:57:39.438402Z  INFO herdr::logging: tab focused event="tab.focus" subsystem="tab" outcome="ok" workspace_id="w1" tab_id="w1:t1"
2026-09-15T18:57:39.438560Z  INFO herdr::logging: tab focused event="tab.focus" subsystem="tab" outcome="ok" workspace_id="w1" tab_id="w1:t1"
2026-09-15T18:57:44.440950Z  INFO herdr::logging: session saved event="persist.save" subsystem="persist" outcome="ok" path=/home/liam/.config/herdr/session.json workspaces=2
2026-09-15T19:00:30.002107Z  INFO herdr::logging: checking for updates event="update.check.start" subsystem="update" outcome="started"
2026-09-15T19:00:30.230059Z  WARN herdr::detect::manifest_update: skipping unknown remote manifest agent agent="letta"
2026-09-15T19:30:30.003737Z  INFO herdr::logging: checking for updates event="update.check.start" subsystem="update" outcome="started"
2026-09-15T19:30:30.210619Z  WARN herdr::detect::manifest_update: skipping unknown remote manifest agent agent="letta"
2026-09-15T20:00:30.004080Z  INFO herdr::logging: checking for updates event="update.check.start" subsystem="update" outcome="started"
2026-09-15T20:00:30.217173Z  WARN herdr::detect::manifest_update: skipping unknown remote manifest agent agent="letta"
2026-09-15T20:30:30.005153Z  INFO herdr::logging: checking for updates event="update.check.start" subsystem="update" outcome="started"
2026-09-15T20:30:30.126236Z  WARN herdr::detect::manifest_update: skipping unknown remote manifest agent agent="letta"
2026-09-15T20:42:06.981737Z  INFO herdr::server::headless: client detached client_id=2
2026-09-16T12:24:02.093503Z  INFO herdr::api::server: api server listening path=/home/liam/.config/herdr/herdr.sock
2026-09-16T12:24:02.098517Z  INFO herdr::logging: spawning pane terminal event="pane.spawn.start" subsystem="pane" outcome="started" pane_id=1 rows=24 cols=80 scrollback_limit_bytes=10000000
2026-09-16T12:24:02.101082Z  INFO herdr::logging: pane child spawned event="pane.spawned" subsystem="pane" outcome="ok" pane_id=1 pid=22036
2026-09-16T12:24:02.101887Z  INFO herdr::logging: spawning pane terminal event="pane.spawn.start" subsystem="pane" outcome="started" pane_id=2 rows=24 cols=80 scrollback_limit_bytes=10000000
2026-09-16T12:24:02.104504Z  INFO herdr::logging: pane child spawned event="pane.spawned" subsystem="pane" outcome="ok" pane_id=2 pid=22039
2026-09-16T12:24:02.105752Z  INFO herdr::logging: spawning pane terminal event="pane.spawn.start" subsystem="pane" outcome="started" pane_id=3 rows=24 cols=80 scrollback_limit_bytes=10000000
2026-09-16T12:24:02.108440Z  INFO herdr::logging: pane child spawned event="pane.spawned" subsystem="pane" outcome="ok" pane_id=3 pid=22043
2026-09-16T12:24:02.109128Z  INFO herdr::logging: session restore evaluated event="persist.restore" subsystem="persist" outcome="ok" workspaces=2
2026-09-16T12:24:02.109210Z  INFO herdr::app: using pane scrollback configuration pane_scrollback_limit_bytes=10000000
2026-09-16T12:24:02.477977Z  INFO herdr::logging: checking for updates event="update.check.start" subsystem="update" outcome="started"
2026-09-16T12:24:02.480260Z  INFO herdr::server::headless::bootstrap: restored session already has workspaces; ignoring startup cwd cwd=/home/liam
2026-09-16T12:24:02.480884Z  INFO herdr::server::headless: client protocol socket listening path=/home/liam/.config/herdr/herdr-client.sock
2026-09-16T12:24:02.481237Z  INFO herdr::server::headless::bootstrap: herdr server started api_socket=/home/liam/.config/herdr/herdr.sock client_socket=/home/liam/.config/herdr/herdr-client.sock
2026-09-16T12:24:02.481810Z  INFO herdr::logging: herdr starting event="app.startup" subsystem="server" outcome="started" pid=22018
2026-09-16T12:24:02.634136Z  WARN herdr::detect::manifest_update: skipping unknown remote manifest agent agent="letta"
2026-09-16T12:24:02.657747Z  INFO herdr::server::headless: client connected client_id=2 cols=180 rows=47 cell_width_px=9 cell_height_px=20 surface_active=true render_encoding=SemanticFrame
2026-09-16T12:24:07.647160Z  INFO herdr::logging: tab focused event="tab.focus" subsystem="tab" outcome="ok" workspace_id="w1" tab_id="w1:t2"
2026-09-16T12:24:07.647255Z  INFO herdr::logging: tab focused event="tab.focus" subsystem="tab" outcome="ok" workspace_id="w1" tab_id="w1:t2"
2026-09-16T12:24:12.650303Z  INFO herdr::logging: session saved event="persist.save" subsystem="persist" outcome="ok" path=/home/liam/.config/herdr/session.json workspaces=2
2026-09-16T12:24:18.253528Z  INFO herdr::pane: agent changed pane=2 previous_agent=None agent=Some(Codex) process=codex pgid=Some(24266)
2026-09-16T12:24:23.698509Z  INFO herdr::pane: agent changed pane=2 previous_agent=Some(Codex) agent=None pgid=Some(22039)
2026-09-16T12:24:24.705232Z  INFO herdr::pane: agent changed pane=2 previous_agent=None agent=Some(Claude) process=claude pgid=Some(25033)
2026-09-16T12:27:37.174071Z  INFO herdr::logging: tab focused event="tab.focus" subsystem="tab" outcome="ok" workspace_id="w1" tab_id="w1:t1"
2026-09-16T12:27:37.174182Z  INFO herdr::logging: tab focused event="tab.focus" subsystem="tab" outcome="ok" workspace_id="w1" tab_id="w1:t1"
2026-09-16T12:27:42.181056Z  INFO herdr::logging: session saved event="persist.save" subsystem="persist" outcome="ok" path=/home/liam/.config/herdr/session.json workspaces=2
2026-09-16T12:27:49.637831Z  INFO herdr::logging: tab focused event="tab.focus" subsystem="tab" outcome="ok" workspace_id="w1" tab_id="w1:t2"
2026-09-16T12:27:49.637935Z  INFO herdr::logging: tab focused event="tab.focus" subsystem="tab" outcome="ok" workspace_id="w1" tab_id="w1:t2"
2026-09-16T12:27:52.387933Z  INFO herdr::pane: agent changed pane=2 previous_agent=Some(Claude) agent=None pgid=Some(22039)
2026-09-16T12:27:53.394376Z  INFO herdr::pane: agent changed pane=2 previous_agent=None agent=Some(Codex) process=codex pgid=Some(47065)
2026-09-16T12:27:54.641305Z  INFO herdr::logging: session saved event="persist.save" subsystem="persist" outcome="ok" path=/home/liam/.config/herdr/session.json workspaces=2
2026-09-16T12:27:59.134387Z  INFO herdr::pane: agent changed pane=2 previous_agent=Some(Codex) agent=None pgid=Some(22039)
2026-09-16T12:27:59.637539Z  INFO herdr::pane: agent changed pane=2 previous_agent=None agent=Some(Codex) process=codex pgid=Some(47938)
2026-09-16T12:28:25.640216Z  INFO herdr::pane: agent changed pane=2 previous_agent=Some(Codex) agent=None pgid=Some(22039)
2026-09-16T12:28:31.184223Z  INFO herdr::pane: agent changed pane=2 previous_agent=None agent=Some(Codex) process=codex pgid=Some(51596)
2026-09-16T12:35:17.795567Z  INFO herdr::pane: agent changed pane=2 previous_agent=Some(Codex) agent=None pgid=Some(22039)
2026-09-16T12:36:05.012899Z  INFO herdr::logging: spawning pane terminal event="pane.spawn.start" subsystem="pane" outcome="started" pane_id=4 rows=47 cols=180 scrollback_limit_bytes=10000000
2026-09-16T12:36:05.015523Z  INFO herdr::logging: pane child spawned event="pane.spawned" subsystem="pane" outcome="ok" pane_id=4 pid=96534
2026-09-16T12:36:05.015830Z  INFO herdr::logging: tab renamed event="tab.rename" subsystem="tab" outcome="ok" workspace_id="w1" tab_id="w1:t4"
2026-09-16T12:36:05.015869Z  INFO herdr::logging: tab focused event="tab.focus" subsystem="tab" outcome="ok" workspace_id="w1" tab_id="w1:t4"
2026-09-16T12:36:10.022491Z  INFO herdr::logging: session saved event="persist.save" subsystem="persist" outcome="ok" path=/home/liam/.config/herdr/session.json workspaces=2
2026-09-16T12:36:16.136941Z  INFO herdr::pane: agent changed pane=4 previous_agent=None agent=Some(Codex) process=codex pgid=Some(97523)
2026-09-16T12:39:25.414165Z  INFO herdr::logging: spawning pane terminal event="pane.spawn.start" subsystem="pane" outcome="started" pane_id=5 rows=47 cols=180 scrollback_limit_bytes=10000000
2026-09-16T12:39:25.416763Z  INFO herdr::logging: pane child spawned event="pane.spawned" subsystem="pane" outcome="ok" pane_id=5 pid=127725
2026-09-16T12:39:25.417119Z  INFO herdr::logging: tab focused event="tab.focus" subsystem="tab" outcome="ok" workspace_id="w1" tab_id="w1:t4"
2026-09-16T12:39:30.428694Z  INFO herdr::logging: session saved event="persist.save" subsystem="persist" outcome="ok" path=/home/liam/.config/herdr/session.json workspaces=2
2026-09-16T12:40:19.895525Z  INFO herdr::logging: pane child exited event="pane.exit" subsystem="pane" outcome="completed" pane_id=5 status="ExitStatus { code: 130, signal: None }"
2026-09-16T12:40:19.895764Z  INFO herdr::pane: pane session terminated pane=5 pid=127725 signal=Hangup
2026-09-16T12:40:24.902596Z  INFO herdr::logging: session saved event="persist.save" subsystem="persist" outcome="ok" path=/home/liam/.config/herdr/session.json workspaces=2
2026-09-16T12:40:38.136374Z  INFO herdr::logging: tab renamed event="tab.rename" subsystem="tab" outcome="ok" workspace_id="w1" tab_id="w1:t4"
2026-09-16T12:40:43.139091Z  INFO herdr::logging: session saved event="persist.save" subsystem="persist" outcome="ok" path=/home/liam/.config/herdr/session.json workspaces=2
2026-09-16T12:40:45.045596Z  INFO herdr::logging: spawning pane terminal event="pane.spawn.start" subsystem="pane" outcome="started" pane_id=6 rows=47 cols=180 scrollback_limit_bytes=10000000
2026-09-16T12:40:45.048289Z  INFO herdr::logging: pane child spawned event="pane.spawned" subsystem="pane" outcome="ok" pane_id=6 pid=134877
2026-09-16T12:40:45.048597Z  INFO herdr::logging: tab renamed event="tab.rename" subsystem="tab" outcome="ok" workspace_id="w1" tab_id="w1:t5"
2026-09-16T12:40:45.048618Z  INFO herdr::logging: tab focused event="tab.focus" subsystem="tab" outcome="ok" workspace_id="w1" tab_id="w1:t5"
2026-09-16T12:40:50.055012Z  INFO herdr::logging: session saved event="persist.save" subsystem="persist" outcome="ok" path=/home/liam/.config/herdr/session.json workspaces=2
2026-09-16T12:40:55.426953Z  INFO herdr::logging: tab focused event="tab.focus" subsystem="tab" outcome="ok" workspace_id="w1" tab_id="w1:t4"
2026-09-16T12:40:55.427160Z  INFO herdr::logging: tab focused event="tab.focus" subsystem="tab" outcome="ok" workspace_id="w1" tab_id="w1:t4"
2026-09-16T12:41:00.430432Z  INFO herdr::logging: session saved event="persist.save" subsystem="persist" outcome="ok" path=/home/liam/.config/herdr/session.json workspaces=2
2026-09-16T12:41:00.625910Z  INFO herdr::logging: tab focused event="tab.focus" subsystem="tab" outcome="ok" workspace_id="w1" tab_id="w1:t5"
2026-09-16T12:41:00.626043Z  INFO herdr::logging: tab focused event="tab.focus" subsystem="tab" outcome="ok" workspace_id="w1" tab_id="w1:t5"
2026-09-16T12:41:00.976883Z  INFO herdr::logging: tab focused event="tab.focus" subsystem="tab" outcome="ok" workspace_id="w1" tab_id="w1:t5"
2026-09-16T12:41:05.980749Z  INFO herdr::logging: session saved event="persist.save" subsystem="persist" outcome="ok" path=/home/liam/.config/herdr/session.json workspaces=2
2026-09-16T12:41:13.660080Z  INFO herdr::logging: tab focused event="tab.focus" subsystem="tab" outcome="ok" workspace_id="w1" tab_id="w1:t4"
2026-09-16T12:41:13.660185Z  INFO herdr::logging: tab focused event="tab.focus" subsystem="tab" outcome="ok" workspace_id="w1" tab_id="w1:t4"
2026-09-16T12:41:18.662965Z  INFO herdr::logging: session saved event="persist.save" subsystem="persist" outcome="ok" path=/home/liam/.config/herdr/session.json workspaces=2
2026-09-16T12:54:02.483059Z  INFO herdr::logging: checking for updates event="update.check.start" subsystem="update" outcome="started"
2026-09-16T12:54:02.616338Z  WARN herdr::detect::manifest_update: skipping unknown remote manifest agent agent="letta"
2026-09-16T13:24:02.484105Z  INFO herdr::logging: checking for updates event="update.check.start" subsystem="update" outcome="started"
2026-09-16T13:24:02.676379Z  WARN herdr::detect::manifest_update: skipping unknown remote manifest agent agent="letta"
2026-09-16T13:24:35.070045Z  INFO herdr::pane: agent changed pane=4 previous_agent=Some(Codex) agent=None pgid=Some(96534)
2026-09-16T13:24:36.180126Z  INFO herdr::logging: tab focused event="tab.focus" subsystem="tab" outcome="ok" workspace_id="w1" tab_id="w1:t4"
2026-09-16T13:24:37.791232Z  INFO herdr::logging: tab focused event="tab.focus" subsystem="tab" outcome="ok" workspace_id="w1" tab_id="w1:t5"
2026-09-16T13:24:37.791377Z  INFO herdr::logging: tab focused event="tab.focus" subsystem="tab" outcome="ok" workspace_id="w1" tab_id="w1:t5"
2026-09-16T13:24:42.794642Z  INFO herdr::logging: session saved event="persist.save" subsystem="persist" outcome="ok" path=/home/liam/.config/herdr/session.json workspaces=2
2026-09-16T13:44:41.555189Z  INFO herdr::logging: tab focused event="tab.focus" subsystem="tab" outcome="ok" workspace_id="w1" tab_id="w1:t2"
2026-09-16T13:44:41.555303Z  INFO herdr::logging: tab focused event="tab.focus" subsystem="tab" outcome="ok" workspace_id="w1" tab_id="w1:t2"
2026-09-16T13:44:46.559049Z  INFO herdr::logging: session saved event="persist.save" subsystem="persist" outcome="ok" path=/home/liam/.config/herdr/session.json workspaces=2
2026-09-16T13:51:05.702155Z  INFO herdr::logging: tab focused event="tab.focus" subsystem="tab" outcome="ok" workspace_id="w1" tab_id="w1:t1"
2026-09-16T13:51:05.702292Z  INFO herdr::logging: tab focused event="tab.focus" subsystem="tab" outcome="ok" workspace_id="w1" tab_id="w1:t1"
2026-09-16T13:51:10.705520Z  INFO herdr::logging: session saved event="persist.save" subsystem="persist" outcome="ok" path=/home/liam/.config/herdr/session.json workspaces=2
2026-09-16T13:54:02.485387Z  INFO herdr::logging: checking for updates event="update.check.start" subsystem="update" outcome="started"
2026-09-16T13:54:02.629825Z  WARN herdr::detect::manifest_update: skipping unknown remote manifest agent agent="letta"
2026-09-16T14:24:02.486204Z  INFO herdr::logging: checking for updates event="update.check.start" subsystem="update" outcome="started"
2026-09-16T14:24:02.624808Z  WARN herdr::detect::manifest_update: skipping unknown remote manifest agent agent="letta"
2026-09-16T14:54:02.487249Z  INFO herdr::logging: checking for updates event="update.check.start" subsystem="update" outcome="started"
2026-09-16T14:54:02.643203Z  WARN herdr::detect::manifest_update: skipping unknown remote manifest agent agent="letta"
2026-09-16T15:07:43.242542Z  INFO herdr::server::headless: client detached client_id=2
2026-09-16T15:14:15.079839Z  INFO herdr::api::server: api server listening path=/home/liam/.config/herdr/herdr.sock
2026-09-16T15:14:15.084518Z  INFO herdr::logging: spawning pane terminal event="pane.spawn.start" subsystem="pane" outcome="started" pane_id=1 rows=24 cols=80 scrollback_limit_bytes=10000000
2026-09-16T15:14:15.086734Z  INFO herdr::logging: pane child spawned event="pane.spawned" subsystem="pane" outcome="ok" pane_id=1 pid=35641
2026-09-16T15:14:15.087314Z  INFO herdr::logging: spawning pane terminal event="pane.spawn.start" subsystem="pane" outcome="started" pane_id=2 rows=24 cols=80 scrollback_limit_bytes=10000000
2026-09-16T15:14:15.089217Z  INFO herdr::logging: pane child spawned event="pane.spawned" subsystem="pane" outcome="ok" pane_id=2 pid=35644
2026-09-16T15:14:15.089637Z  INFO herdr::logging: spawning pane terminal event="pane.spawn.start" subsystem="pane" outcome="started" pane_id=3 rows=24 cols=80 scrollback_limit_bytes=10000000
2026-09-16T15:14:15.091068Z  INFO herdr::logging: pane child spawned event="pane.spawned" subsystem="pane" outcome="ok" pane_id=3 pid=35647
2026-09-16T15:14:15.091418Z  INFO herdr::logging: spawning pane terminal event="pane.spawn.start" subsystem="pane" outcome="started" pane_id=4 rows=24 cols=80 scrollback_limit_bytes=10000000
2026-09-16T15:14:15.092922Z  INFO herdr::logging: pane child spawned event="pane.spawned" subsystem="pane" outcome="ok" pane_id=4 pid=35650
2026-09-16T15:14:15.093436Z  INFO herdr::logging: spawning pane terminal event="pane.spawn.start" subsystem="pane" outcome="started" pane_id=5 rows=24 cols=80 scrollback_limit_bytes=10000000
2026-09-16T15:14:15.094923Z  INFO herdr::logging: pane child spawned event="pane.spawned" subsystem="pane" outcome="ok" pane_id=5 pid=35654
2026-09-16T15:14:15.095229Z  INFO herdr::logging: session restore evaluated event="persist.restore" subsystem="persist" outcome="ok" workspaces=2
2026-09-16T15:14:15.095268Z  INFO herdr::app: using pane scrollback configuration pane_scrollback_limit_bytes=10000000
2026-09-16T15:14:15.308454Z  INFO herdr::logging: checking for updates event="update.check.start" subsystem="update" outcome="started"
2026-09-16T15:14:15.311368Z  INFO herdr::server::headless::bootstrap: restored session already has workspaces; ignoring startup cwd cwd=/home/liam
2026-09-16T15:14:15.311710Z  INFO herdr::server::headless: client protocol socket listening path=/home/liam/.config/herdr/herdr-client.sock
2026-09-16T15:14:15.311803Z  INFO herdr::server::headless::bootstrap: herdr server started api_socket=/home/liam/.config/herdr/herdr.sock client_socket=/home/liam/.config/herdr/herdr-client.sock
2026-09-16T15:14:15.312054Z  INFO herdr::logging: herdr starting event="app.startup" subsystem="server" outcome="started" pid=35623
2026-09-16T15:14:15.423406Z  INFO herdr::server::headless: client connected client_id=2 cols=217 rows=68 cell_width_px=9 cell_height_px=20 surface_active=true render_encoding=SemanticFrame
2026-09-16T15:14:15.491027Z  WARN herdr::detect::manifest_update: skipping unknown remote manifest agent agent="letta"
2026-09-16T15:36:52.344926Z  INFO herdr::server::headless: client detached client_id=2
2026-09-16T15:38:26.722734Z  INFO herdr::api::server: api server listening path=/home/liam/.config/herdr/herdr.sock
2026-09-16T15:38:26.726576Z  INFO herdr::logging: spawning pane terminal event="pane.spawn.start" subsystem="pane" outcome="started" pane_id=1 rows=24 cols=80 scrollback_limit_bytes=10000000
2026-09-16T15:38:26.729623Z  INFO herdr::logging: pane child spawned event="pane.spawned" subsystem="pane" outcome="ok" pane_id=1 pid=7876
2026-09-16T15:38:26.730364Z  INFO herdr::logging: spawning pane terminal event="pane.spawn.start" subsystem="pane" outcome="started" pane_id=2 rows=24 cols=80 scrollback_limit_bytes=10000000
2026-09-16T15:38:26.732800Z  INFO herdr::logging: pane child spawned event="pane.spawned" subsystem="pane" outcome="ok" pane_id=2 pid=7879
2026-09-16T15:38:26.733670Z  INFO herdr::logging: spawning pane terminal event="pane.spawn.start" subsystem="pane" outcome="started" pane_id=3 rows=24 cols=80 scrollback_limit_bytes=10000000
2026-09-16T15:38:26.736315Z  INFO herdr::logging: pane child spawned event="pane.spawned" subsystem="pane" outcome="ok" pane_id=3 pid=7884
2026-09-16T15:38:26.737147Z  INFO herdr::logging: spawning pane terminal event="pane.spawn.start" subsystem="pane" outcome="started" pane_id=4 rows=24 cols=80 scrollback_limit_bytes=10000000
2026-09-16T15:38:26.739906Z  INFO herdr::logging: pane child spawned event="pane.spawned" subsystem="pane" outcome="ok" pane_id=4 pid=7888
2026-09-16T15:38:26.741025Z  INFO herdr::logging: spawning pane terminal event="pane.spawn.start" subsystem="pane" outcome="started" pane_id=5 rows=24 cols=80 scrollback_limit_bytes=10000000
2026-09-16T15:38:26.744152Z  INFO herdr::logging: pane child spawned event="pane.spawned" subsystem="pane" outcome="ok" pane_id=5 pid=7893
2026-09-16T15:38:26.744877Z  INFO herdr::logging: session restore evaluated event="persist.restore" subsystem="persist" outcome="ok" workspaces=2
2026-09-16T15:38:26.744966Z  INFO herdr::app: using pane scrollback configuration pane_scrollback_limit_bytes=10000000
2026-09-16T15:38:27.148046Z  INFO herdr::logging: checking for updates event="update.check.start" subsystem="update" outcome="started"
2026-09-16T15:38:27.151481Z  INFO herdr::server::headless::bootstrap: restored session already has workspaces; ignoring startup cwd cwd=/home/liam
2026-09-16T15:38:27.152005Z  INFO herdr::server::headless: client protocol socket listening path=/home/liam/.config/herdr/herdr-client.sock
2026-09-16T15:38:27.152139Z  INFO herdr::server::headless::bootstrap: herdr server started api_socket=/home/liam/.config/herdr/herdr.sock client_socket=/home/liam/.config/herdr/herdr-client.sock
2026-09-16T15:38:27.152509Z  INFO herdr::logging: herdr starting event="app.startup" subsystem="server" outcome="started" pid=7858
2026-09-16T15:38:27.299775Z  INFO herdr::server::headless: client connected client_id=2 cols=180 rows=47 cell_width_px=9 cell_height_px=20 surface_active=true render_encoding=SemanticFrame
2026-09-16T15:38:27.348087Z  WARN herdr::detect::manifest_update: skipping unknown remote manifest agent agent="letta"
2026-09-16T15:55:09.036045Z  INFO herdr::logging: tab focused event="tab.focus" subsystem="tab" outcome="ok" workspace_id="w1" tab_id="w1:t5"
2026-09-16T15:55:09.036161Z  INFO herdr::logging: tab focused event="tab.focus" subsystem="tab" outcome="ok" workspace_id="w1" tab_id="w1:t5"
2026-09-16T15:55:14.038398Z  INFO herdr::logging: session saved event="persist.save" subsystem="persist" outcome="ok" path=/home/liam/.config/herdr/session.json workspaces=2
2026-09-17T12:21:35.083309Z  INFO herdr::api::server: api server listening path=/home/liam/.config/herdr/herdr.sock
2026-09-17T12:21:35.087262Z  INFO herdr::logging: spawning pane terminal event="pane.spawn.start" subsystem="pane" outcome="started" pane_id=1 rows=24 cols=80 scrollback_limit_bytes=10000000
2026-09-17T12:21:35.090362Z  INFO herdr::logging: pane child spawned event="pane.spawned" subsystem="pane" outcome="ok" pane_id=1 pid=2150
2026-09-17T12:21:35.090864Z  INFO herdr::logging: spawning pane terminal event="pane.spawn.start" subsystem="pane" outcome="started" pane_id=2 rows=24 cols=80 scrollback_limit_bytes=10000000
2026-09-17T12:21:35.091896Z  INFO herdr::logging: pane child spawned event="pane.spawned" subsystem="pane" outcome="ok" pane_id=2 pid=2156
2026-09-17T12:21:35.092251Z  INFO herdr::logging: spawning pane terminal event="pane.spawn.start" subsystem="pane" outcome="started" pane_id=3 rows=24 cols=80 scrollback_limit_bytes=10000000
2026-09-17T12:21:35.093613Z  INFO herdr::logging: pane child spawned event="pane.spawned" subsystem="pane" outcome="ok" pane_id=3 pid=2159
2026-09-17T12:21:35.094106Z  INFO herdr::logging: spawning pane terminal event="pane.spawn.start" subsystem="pane" outcome="started" pane_id=4 rows=24 cols=80 scrollback_limit_bytes=10000000
2026-09-17T12:21:35.095671Z  INFO herdr::logging: pane child spawned event="pane.spawned" subsystem="pane" outcome="ok" pane_id=4 pid=2164
2026-09-17T12:21:35.096248Z  INFO herdr::logging: spawning pane terminal event="pane.spawn.start" subsystem="pane" outcome="started" pane_id=5 rows=24 cols=80 scrollback_limit_bytes=10000000
2026-09-17T12:21:35.097653Z  INFO herdr::logging: pane child spawned event="pane.spawned" subsystem="pane" outcome="ok" pane_id=5 pid=2171
2026-09-17T12:21:35.098073Z  INFO herdr::logging: session restore evaluated event="persist.restore" subsystem="persist" outcome="ok" workspaces=2
2026-09-17T12:21:35.098110Z  INFO herdr::app: using pane scrollback configuration pane_scrollback_limit_bytes=10000000
2026-09-17T12:21:35.276445Z  INFO herdr::logging: checking for updates event="update.check.start" subsystem="update" outcome="started"
2026-09-17T12:21:35.277639Z  INFO herdr::server::headless::bootstrap: restored session already has workspaces; ignoring startup cwd cwd=/home/liam
2026-09-17T12:21:35.277937Z  INFO herdr::server::headless: client protocol socket listening path=/home/liam/.config/herdr/herdr-client.sock
2026-09-17T12:21:35.278024Z  INFO herdr::server::headless::bootstrap: herdr server started api_socket=/home/liam/.config/herdr/herdr.sock client_socket=/home/liam/.config/herdr/herdr-client.sock
2026-09-17T12:21:35.278227Z  INFO herdr::logging: herdr starting event="app.startup" subsystem="server" outcome="started" pid=2130
2026-09-17T12:21:35.533348Z  INFO herdr::server::headless: client connected client_id=2 cols=217 rows=71 cell_width_px=9 cell_height_px=20 surface_active=true render_encoding=SemanticFrame
2026-09-17T12:21:38.304917Z  WARN herdr::detect::manifest_update: agent detection manifest update failed: failed to fetch https://herdr.dev/agent-detection/index.toml
2026-09-17T12:21:42.692420Z  INFO herdr::logging: update available event="update.available" subsystem="update" outcome="ok" version="0.9.1"
2026-09-17T12:21:42.692469Z  INFO herdr::update: new stable build available at https://github.com/herdrdev/herdr/releases/download/v0.9.1/herdr-linux-x86_64
2026-09-17T12:21:42.693476Z  INFO herdr::update: auto-update check: 0.9.1 available, waiting for explicit install
2026-09-17T12:24:21.771628Z  INFO herdr::server::headless: client detached client_id=2
2026-09-17T12:26:50.290148Z  INFO herdr::api::server: api server listening path=/home/liam/.config/herdr/herdr.sock
2026-09-17T12:26:50.298652Z  INFO herdr::logging: spawning pane terminal event="pane.spawn.start" subsystem="pane" outcome="started" pane_id=1 rows=24 cols=80 scrollback_limit_bytes=10000000
2026-09-17T12:26:50.304848Z  INFO herdr::logging: pane child spawned event="pane.spawned" subsystem="pane" outcome="ok" pane_id=1 pid=4223
2026-09-17T12:26:50.305916Z  INFO herdr::logging: spawning pane terminal event="pane.spawn.start" subsystem="pane" outcome="started" pane_id=2 rows=24 cols=80 scrollback_limit_bytes=10000000
2026-09-17T12:26:50.312901Z  INFO herdr::logging: pane child spawned event="pane.spawned" subsystem="pane" outcome="ok" pane_id=2 pid=4227
2026-09-17T12:26:50.314523Z  INFO herdr::logging: spawning pane terminal event="pane.spawn.start" subsystem="pane" outcome="started" pane_id=3 rows=24 cols=80 scrollback_limit_bytes=10000000
2026-09-17T12:26:50.317908Z  INFO herdr::logging: pane child spawned event="pane.spawned" subsystem="pane" outcome="ok" pane_id=3 pid=4230
2026-09-17T12:26:50.318936Z  INFO herdr::logging: spawning pane terminal event="pane.spawn.start" subsystem="pane" outcome="started" pane_id=4 rows=24 cols=80 scrollback_limit_bytes=10000000
2026-09-17T12:26:50.323238Z  INFO herdr::logging: pane child spawned event="pane.spawned" subsystem="pane" outcome="ok" pane_id=4 pid=4237
2026-09-17T12:26:50.324565Z  INFO herdr::logging: spawning pane terminal event="pane.spawn.start" subsystem="pane" outcome="started" pane_id=5 rows=24 cols=80 scrollback_limit_bytes=10000000
2026-09-17T12:26:50.329076Z  INFO herdr::logging: pane child spawned event="pane.spawned" subsystem="pane" outcome="ok" pane_id=5 pid=4251
2026-09-17T12:26:50.329930Z  INFO herdr::logging: session restore evaluated event="persist.restore" subsystem="persist" outcome="ok" workspaces=2
2026-09-17T12:26:50.330027Z  INFO herdr::app: using pane scrollback configuration pane_scrollback_limit_bytes=10000000
2026-09-17T12:26:50.860631Z  INFO herdr::logging: checking for updates event="update.check.start" subsystem="update" outcome="started"
2026-09-17T12:26:50.868402Z  INFO herdr::server::headless::bootstrap: restored session already has workspaces; ignoring startup cwd cwd=/home/liam
2026-09-17T12:26:50.869129Z  INFO herdr::server::headless: client protocol socket listening path=/home/liam/.config/herdr/herdr-client.sock
2026-09-17T12:26:50.869317Z  INFO herdr::server::headless::bootstrap: herdr server started api_socket=/home/liam/.config/herdr/herdr.sock client_socket=/home/liam/.config/herdr/herdr-client.sock
2026-09-17T12:26:50.869661Z  INFO herdr::logging: herdr starting event="app.startup" subsystem="server" outcome="started" pid=4188
2026-09-17T12:26:51.066850Z  WARN herdr::detect::manifest_update: skipping unknown remote manifest agent agent="letta"
2026-09-17T12:26:51.078815Z  INFO herdr::logging: update available event="update.available" subsystem="update" outcome="ok" version="0.9.1"
2026-09-17T12:26:51.078919Z  INFO herdr::update: new stable build available at https://github.com/herdrdev/herdr/releases/download/v0.9.1/herdr-linux-x86_64
2026-09-17T12:26:51.081432Z  INFO herdr::update: auto-update check: 0.9.1 available, waiting for explicit install
2026-09-17T12:26:51.093937Z  INFO herdr::server::headless: client connected client_id=2 cols=180 rows=49 cell_width_px=9 cell_height_px=20 surface_active=true render_encoding=SemanticFrame
2026-09-17T12:56:51.028537Z  WARN herdr::detect::manifest_update: skipping unknown remote manifest agent agent="letta"
2026-09-17T13:26:51.050174Z  WARN herdr::detect::manifest_update: skipping unknown remote manifest agent agent="letta"
2026-09-17T13:48:26.726607Z  INFO herdr::logging: tab focused event="tab.focus" subsystem="tab" outcome="ok" workspace_id="w1" tab_id="w1:t2"
2026-09-17T13:48:26.726698Z  INFO herdr::logging: tab focused event="tab.focus" subsystem="tab" outcome="ok" workspace_id="w1" tab_id="w1:t2"
2026-09-17T13:48:31.730536Z  INFO herdr::logging: session saved event="persist.save" subsystem="persist" outcome="ok" path=/home/liam/.config/herdr/session.json workspaces=2
2026-09-17T13:56:51.129985Z  WARN herdr::detect::manifest_update: skipping unknown remote manifest agent agent="letta"
2026-09-17T14:17:02.518386Z  INFO herdr::logging: tab focused event="tab.focus" subsystem="tab" outcome="ok" workspace_id="w1" tab_id="w1:t1"
2026-09-17T14:17:02.518538Z  INFO herdr::logging: tab focused event="tab.focus" subsystem="tab" outcome="ok" workspace_id="w1" tab_id="w1:t1"
2026-09-17T14:17:07.520370Z  INFO herdr::logging: session saved event="persist.save" subsystem="persist" outcome="ok" path=/home/liam/.config/herdr/session.json workspaces=2
2026-09-17T14:19:57.145918Z  INFO herdr::logging: tab focused event="tab.focus" subsystem="tab" outcome="ok" workspace_id="w1" tab_id="w1:t2"
2026-09-17T14:19:57.146024Z  INFO herdr::logging: tab focused event="tab.focus" subsystem="tab" outcome="ok" workspace_id="w1" tab_id="w1:t2"
2026-09-17T14:20:00.353382Z  INFO herdr::logging: tab focused event="tab.focus" subsystem="tab" outcome="ok" workspace_id="w1" tab_id="w1:t1"
2026-09-17T14:20:00.353480Z  INFO herdr::logging: tab focused event="tab.focus" subsystem="tab" outcome="ok" workspace_id="w1" tab_id="w1:t1"
2026-09-17T14:20:05.356466Z  INFO herdr::logging: session saved event="persist.save" subsystem="persist" outcome="ok" path=/home/liam/.config/herdr/session.json workspaces=2
2026-09-17T14:26:51.024781Z  WARN herdr::detect::manifest_update: skipping unknown remote manifest agent agent="letta"
2026-09-17T14:56:51.008252Z  WARN herdr::detect::manifest_update: skipping unknown remote manifest agent agent="letta"
2026-09-17T15:26:51.101191Z  WARN herdr::detect::manifest_update: skipping unknown remote manifest agent agent="letta"
2026-09-18T09:53:14.741215Z  INFO herdr::api::server: api server listening path=/home/liam/.config/herdr/herdr.sock
2026-09-18T09:53:14.748363Z  INFO herdr::logging: spawning pane terminal event="pane.spawn.start" subsystem="pane" outcome="started" pane_id=1 rows=24 cols=80 scrollback_limit_bytes=10000000
2026-09-18T09:53:14.766082Z  INFO herdr::logging: pane child spawned event="pane.spawned" subsystem="pane" outcome="ok" pane_id=1 pid=3057
2026-09-18T09:53:14.766558Z  INFO herdr::logging: spawning pane terminal event="pane.spawn.start" subsystem="pane" outcome="started" pane_id=2 rows=24 cols=80 scrollback_limit_bytes=10000000
2026-09-18T09:53:14.769415Z  INFO herdr::logging: pane child spawned event="pane.spawned" subsystem="pane" outcome="ok" pane_id=2 pid=3066
2026-09-18T09:53:14.772963Z  INFO herdr::logging: spawning pane terminal event="pane.spawn.start" subsystem="pane" outcome="started" pane_id=3 rows=24 cols=80 scrollback_limit_bytes=10000000
2026-09-18T09:53:14.776445Z  INFO herdr::logging: pane child spawned event="pane.spawned" subsystem="pane" outcome="ok" pane_id=3 pid=3071
2026-09-18T09:53:14.777321Z  INFO herdr::logging: spawning pane terminal event="pane.spawn.start" subsystem="pane" outcome="started" pane_id=4 rows=24 cols=80 scrollback_limit_bytes=10000000
2026-09-18T09:53:14.780169Z  INFO herdr::logging: pane child spawned event="pane.spawned" subsystem="pane" outcome="ok" pane_id=4 pid=3075
2026-09-18T09:53:14.780941Z  INFO herdr::logging: spawning pane terminal event="pane.spawn.start" subsystem="pane" outcome="started" pane_id=5 rows=24 cols=80 scrollback_limit_bytes=10000000
2026-09-18T09:53:14.782387Z  INFO herdr::logging: pane child spawned event="pane.spawned" subsystem="pane" outcome="ok" pane_id=5 pid=3078
2026-09-18T09:53:14.782709Z  INFO herdr::logging: session restore evaluated event="persist.restore" subsystem="persist" outcome="ok" workspaces=2
2026-09-18T09:53:14.782754Z  INFO herdr::app: using pane scrollback configuration pane_scrollback_limit_bytes=10000000
2026-09-18T09:53:14.968114Z  INFO herdr::logging: checking for updates event="update.check.start" subsystem="update" outcome="started"
2026-09-18T09:53:14.970462Z  INFO herdr::server::headless::bootstrap: restored session already has workspaces; ignoring startup cwd cwd=/home/liam
2026-09-18T09:53:14.970927Z  INFO herdr::server::headless: client protocol socket listening path=/home/liam/.config/herdr/herdr-client.sock
2026-09-18T09:53:14.971039Z  INFO herdr::server::headless::bootstrap: herdr server started api_socket=/home/liam/.config/herdr/herdr.sock client_socket=/home/liam/.config/herdr/herdr-client.sock
2026-09-18T09:53:14.973638Z  INFO herdr::logging: herdr starting event="app.startup" subsystem="server" outcome="started" pid=3014
2026-09-18T09:53:15.233536Z  INFO herdr::server::headless: client connected client_id=2 cols=217 rows=71 cell_width_px=9 cell_height_px=20 surface_active=true render_encoding=SemanticFrame
2026-09-18T09:53:17.994327Z  WARN herdr::detect::manifest_update: agent detection manifest update failed: failed to fetch https://herdr.dev/agent-detection/index.toml
2026-09-18T09:53:22.005181Z  WARN herdr::logging: update check failed event="update.check.complete" subsystem="update" outcome="error" err="failed to fetch update manifest"
2026-09-18T10:23:15.527461Z  WARN herdr::detect::manifest_update: skipping unknown remote manifest agent agent="letta"
2026-09-18T10:26:54.544435Z  INFO herdr::server::headless: client detached client_id=2
2026-09-18T10:27:37.927119Z  INFO herdr::api::server: api server listening path=/home/liam/.config/herdr/herdr.sock
2026-09-18T10:27:37.931343Z  INFO herdr::logging: spawning pane terminal event="pane.spawn.start" subsystem="pane" outcome="started" pane_id=1 rows=24 cols=80 scrollback_limit_bytes=10000000
2026-09-18T10:27:37.933145Z  INFO herdr::logging: pane child spawned event="pane.spawned" subsystem="pane" outcome="ok" pane_id=1 pid=2161
2026-09-18T10:27:37.933663Z  INFO herdr::logging: spawning pane terminal event="pane.spawn.start" subsystem="pane" outcome="started" pane_id=2 rows=24 cols=80 scrollback_limit_bytes=10000000
2026-09-18T10:27:37.935100Z  INFO herdr::logging: pane child spawned event="pane.spawned" subsystem="pane" outcome="ok" pane_id=2 pid=2164
2026-09-18T10:27:37.935948Z  INFO herdr::logging: spawning pane terminal event="pane.spawn.start" subsystem="pane" outcome="started" pane_id=3 rows=24 cols=80 scrollback_limit_bytes=10000000
2026-09-18T10:27:37.939450Z  INFO herdr::logging: pane child spawned event="pane.spawned" subsystem="pane" outcome="ok" pane_id=3 pid=2168
2026-09-18T10:27:37.941324Z  INFO herdr::logging: spawning pane terminal event="pane.spawn.start" subsystem="pane" outcome="started" pane_id=4 rows=24 cols=80 scrollback_limit_bytes=10000000
2026-09-18T10:27:37.948696Z  INFO herdr::logging: pane child spawned event="pane.spawned" subsystem="pane" outcome="ok" pane_id=4 pid=2173
2026-09-18T10:27:37.950054Z  INFO herdr::logging: spawning pane terminal event="pane.spawn.start" subsystem="pane" outcome="started" pane_id=5 rows=24 cols=80 scrollback_limit_bytes=10000000
2026-09-18T10:27:37.952986Z  INFO herdr::logging: pane child spawned event="pane.spawned" subsystem="pane" outcome="ok" pane_id=5 pid=2179
2026-09-18T10:27:37.953308Z  INFO herdr::logging: session restore evaluated event="persist.restore" subsystem="persist" outcome="ok" workspaces=2
2026-09-18T10:27:37.953369Z  INFO herdr::app: using pane scrollback configuration pane_scrollback_limit_bytes=10000000
2026-09-18T10:27:38.200523Z  INFO herdr::logging: checking for updates event="update.check.start" subsystem="update" outcome="started"
2026-09-18T10:27:38.206432Z  INFO herdr::server::headless::bootstrap: restored session already has workspaces; ignoring startup cwd cwd=/home/liam
2026-09-18T10:27:38.206975Z  INFO herdr::server::headless: client protocol socket listening path=/home/liam/.config/herdr/herdr-client.sock
2026-09-18T10:27:38.207689Z  INFO herdr::server::headless::bootstrap: herdr server started api_socket=/home/liam/.config/herdr/herdr.sock client_socket=/home/liam/.config/herdr/herdr-client.sock
2026-09-18T10:27:38.207921Z  INFO herdr::logging: herdr starting event="app.startup" subsystem="server" outcome="started" pid=2129
2026-09-18T10:27:38.465291Z  INFO herdr::server::headless: client connected client_id=2 cols=217 rows=71 cell_width_px=9 cell_height_px=20 surface_active=true render_encoding=SemanticFrame
2026-09-18T10:27:41.225941Z  WARN herdr::detect::manifest_update: agent detection manifest update failed: failed to fetch https://herdr.dev/agent-detection/index.toml
2026-09-18T10:27:45.228361Z  WARN herdr::logging: update check failed event="update.check.complete" subsystem="update" outcome="error" err="failed to fetch update manifest"
2026-09-18T10:57:41.223789Z  WARN herdr::detect::manifest_update: agent detection manifest update failed: failed to fetch https://herdr.dev/agent-detection/index.toml
2026-09-18T11:08:53.445947Z  INFO herdr::server::headless: client detached client_id=2
2026-09-18T11:54:58.600712Z  INFO herdr::api::server: api server listening path=/home/liam/.config/herdr/herdr.sock
2026-09-18T11:54:58.615086Z  INFO herdr::logging: spawning pane terminal event="pane.spawn.start" subsystem="pane" outcome="started" pane_id=1 rows=24 cols=80 scrollback_limit_bytes=10000000
2026-09-18T11:54:58.621617Z  INFO herdr::logging: pane child spawned event="pane.spawned" subsystem="pane" outcome="ok" pane_id=1 pid=2847
2026-09-18T11:54:58.622764Z  INFO herdr::logging: spawning pane terminal event="pane.spawn.start" subsystem="pane" outcome="started" pane_id=2 rows=24 cols=80 scrollback_limit_bytes=10000000
2026-09-18T11:54:58.624178Z  INFO herdr::logging: pane child spawned event="pane.spawned" subsystem="pane" outcome="ok" pane_id=2 pid=2850
2026-09-18T11:54:58.626086Z  INFO herdr::logging: spawning pane terminal event="pane.spawn.start" subsystem="pane" outcome="started" pane_id=3 rows=24 cols=80 scrollback_limit_bytes=10000000
2026-09-18T11:54:58.628921Z  INFO herdr::logging: pane child spawned event="pane.spawned" subsystem="pane" outcome="ok" pane_id=3 pid=2853
2026-09-18T11:54:58.630993Z  INFO herdr::logging: spawning pane terminal event="pane.spawn.start" subsystem="pane" outcome="started" pane_id=4 rows=24 cols=80 scrollback_limit_bytes=10000000
2026-09-18T11:54:58.634151Z  INFO herdr::logging: pane child spawned event="pane.spawned" subsystem="pane" outcome="ok" pane_id=4 pid=2857
2026-09-18T11:54:58.638541Z  INFO herdr::logging: spawning pane terminal event="pane.spawn.start" subsystem="pane" outcome="started" pane_id=5 rows=24 cols=80 scrollback_limit_bytes=10000000
2026-09-18T11:54:58.643852Z  INFO herdr::logging: pane child spawned event="pane.spawned" subsystem="pane" outcome="ok" pane_id=5 pid=2866
2026-09-18T11:54:58.644339Z  INFO herdr::logging: session restore evaluated event="persist.restore" subsystem="persist" outcome="ok" workspaces=2
2026-09-18T11:54:58.644386Z  INFO herdr::app: using pane scrollback configuration pane_scrollback_limit_bytes=10000000
2026-09-18T11:54:58.816516Z  INFO herdr::logging: checking for updates event="update.check.start" subsystem="update" outcome="started"
2026-09-18T11:54:58.817493Z  INFO herdr::server::headless::bootstrap: restored session already has workspaces; ignoring startup cwd cwd=/home/liam
2026-09-18T11:54:58.817793Z  INFO herdr::server::headless: client protocol socket listening path=/home/liam/.config/herdr/herdr-client.sock
2026-09-18T11:54:58.817973Z  INFO herdr::server::headless::bootstrap: herdr server started api_socket=/home/liam/.config/herdr/herdr.sock client_socket=/home/liam/.config/herdr/herdr-client.sock
2026-09-18T11:54:58.818205Z  INFO herdr::logging: herdr starting event="app.startup" subsystem="server" outcome="started" pid=2821
2026-09-18T11:54:59.078789Z  INFO herdr::server::headless: client connected client_id=2 cols=217 rows=71 cell_width_px=9 cell_height_px=20 surface_active=true render_encoding=SemanticFrame
2026-09-18T11:55:01.839456Z  WARN herdr::detect::manifest_update: agent detection manifest update failed: failed to fetch https://herdr.dev/agent-detection/index.toml
2026-09-18T11:55:05.839800Z  WARN herdr::logging: update check failed event="update.check.complete" subsystem="update" outcome="error" err="failed to fetch update manifest"
2026-09-18T12:06:02.278352Z  INFO herdr::logging: tab focused event="tab.focus" subsystem="tab" outcome="ok" workspace_id="w1" tab_id="w1:t2"
2026-09-18T12:06:02.278436Z  INFO herdr::logging: tab focused event="tab.focus" subsystem="tab" outcome="ok" workspace_id="w1" tab_id="w1:t2"
2026-09-18T12:06:07.281258Z  INFO herdr::logging: session saved event="persist.save" subsystem="persist" outcome="ok" path=/home/liam/.config/herdr/session.json workspaces=2
2026-09-18T12:06:17.226670Z  INFO herdr::server::headless: client detached client_id=2
2026-09-18T13:15:44.380792Z  INFO herdr::api::server: api server listening path=/home/liam/.config/herdr/herdr.sock
2026-09-18T13:15:44.390997Z  INFO herdr::logging: spawning pane terminal event="pane.spawn.start" subsystem="pane" outcome="started" pane_id=1 rows=24 cols=80 scrollback_limit_bytes=10000000
2026-09-18T13:15:44.394283Z  INFO herdr::logging: pane child spawned event="pane.spawned" subsystem="pane" outcome="ok" pane_id=1 pid=4349
2026-09-18T13:15:44.396384Z  INFO herdr::logging: spawning pane terminal event="pane.spawn.start" subsystem="pane" outcome="started" pane_id=2 rows=24 cols=80 scrollback_limit_bytes=10000000
2026-09-18T13:15:44.400419Z  INFO herdr::logging: pane child spawned event="pane.spawned" subsystem="pane" outcome="ok" pane_id=2 pid=4353
2026-09-18T13:15:44.402092Z  INFO herdr::logging: spawning pane terminal event="pane.spawn.start" subsystem="pane" outcome="started" pane_id=3 rows=24 cols=80 scrollback_limit_bytes=10000000
2026-09-18T13:15:44.409826Z  INFO herdr::logging: pane child spawned event="pane.spawned" subsystem="pane" outcome="ok" pane_id=3 pid=4367
2026-09-18T13:15:44.410795Z  INFO herdr::logging: spawning pane terminal event="pane.spawn.start" subsystem="pane" outcome="started" pane_id=4 rows=24 cols=80 scrollback_limit_bytes=10000000
2026-09-18T13:15:44.415039Z  INFO herdr::logging: pane child spawned event="pane.spawned" subsystem="pane" outcome="ok" pane_id=4 pid=4375
2026-09-18T13:15:44.417221Z  INFO herdr::logging: spawning pane terminal event="pane.spawn.start" subsystem="pane" outcome="started" pane_id=5 rows=24 cols=80 scrollback_limit_bytes=10000000
2026-09-18T13:15:44.420884Z  INFO herdr::logging: pane child spawned event="pane.spawned" subsystem="pane" outcome="ok" pane_id=5 pid=4378
2026-09-18T13:15:44.422117Z  INFO herdr::logging: session restore evaluated event="persist.restore" subsystem="persist" outcome="ok" workspaces=2
2026-09-18T13:15:44.422224Z  INFO herdr::app: using pane scrollback configuration pane_scrollback_limit_bytes=10000000
2026-09-18T13:15:45.127938Z  INFO herdr::logging: checking for updates event="update.check.start" subsystem="update" outcome="started"
2026-09-18T13:15:45.133625Z  INFO herdr::server::headless::bootstrap: restored session already has workspaces; ignoring startup cwd cwd=/home/liam
2026-09-18T13:15:45.134222Z  INFO herdr::server::headless: client protocol socket listening path=/home/liam/.config/herdr/herdr-client.sock
2026-09-18T13:15:45.134416Z  INFO herdr::server::headless::bootstrap: herdr server started api_socket=/home/liam/.config/herdr/herdr.sock client_socket=/home/liam/.config/herdr/herdr-client.sock
2026-09-18T13:15:45.134803Z  INFO herdr::logging: herdr starting event="app.startup" subsystem="server" outcome="started" pid=4321
2026-09-18T13:15:45.388745Z  INFO herdr::server::headless: client connected client_id=2 cols=217 rows=71 cell_width_px=9 cell_height_px=20 surface_active=true render_encoding=SemanticFrame
2026-09-18T13:15:48.168470Z  WARN herdr::detect::manifest_update: agent detection manifest update failed: failed to fetch https://herdr.dev/agent-detection/index.toml
2026-09-18T13:15:52.175632Z  WARN herdr::logging: update check failed event="update.check.complete" subsystem="update" outcome="error" err="failed to fetch update manifest"
2026-09-18T13:45:46.505070Z  WARN herdr::detect::manifest_update: agent detection manifest update failed: failed to fetch https://herdr.dev/agent-detection/index.toml
2026-09-18T14:15:45.906810Z  WARN herdr::detect::manifest_update: agent detection manifest update failed: failed to fetch https://herdr.dev/agent-detection/index.toml
2026-09-18T14:22:17.451921Z  INFO herdr::server::headless: client detached client_id=2
2026-09-19T14:50:47.482642Z  INFO herdr::api::server: api server listening path=/home/liam/.config/herdr/herdr.sock
2026-09-19T14:50:47.488862Z  INFO herdr::logging: spawning pane terminal event="pane.spawn.start" subsystem="pane" outcome="started" pane_id=1 rows=24 cols=80 scrollback_limit_bytes=10000000
2026-09-19T14:50:47.491359Z  INFO herdr::logging: pane child spawned event="pane.spawned" subsystem="pane" outcome="ok" pane_id=1 pid=3904
2026-09-19T14:50:47.492289Z  INFO herdr::logging: spawning pane terminal event="pane.spawn.start" subsystem="pane" outcome="started" pane_id=2 rows=24 cols=80 scrollback_limit_bytes=10000000
2026-09-19T14:50:47.495059Z  INFO herdr::logging: pane child spawned event="pane.spawned" subsystem="pane" outcome="ok" pane_id=2 pid=3910
2026-09-19T14:50:47.496845Z  INFO herdr::logging: spawning pane terminal event="pane.spawn.start" subsystem="pane" outcome="started" pane_id=3 rows=24 cols=80 scrollback_limit_bytes=10000000
2026-09-19T14:50:47.499705Z  INFO herdr::logging: pane child spawned event="pane.spawned" subsystem="pane" outcome="ok" pane_id=3 pid=3913
2026-09-19T14:50:47.500665Z  INFO herdr::logging: spawning pane terminal event="pane.spawn.start" subsystem="pane" outcome="started" pane_id=4 rows=24 cols=80 scrollback_limit_bytes=10000000
2026-09-19T14:50:47.503043Z  INFO herdr::logging: pane child spawned event="pane.spawned" subsystem="pane" outcome="ok" pane_id=4 pid=3916
2026-09-19T14:50:47.504515Z  INFO herdr::logging: spawning pane terminal event="pane.spawn.start" subsystem="pane" outcome="started" pane_id=5 rows=24 cols=80 scrollback_limit_bytes=10000000
2026-09-19T14:50:47.508146Z  INFO herdr::logging: pane child spawned event="pane.spawned" subsystem="pane" outcome="ok" pane_id=5 pid=3919
2026-09-19T14:50:47.508842Z  INFO herdr::logging: session restore evaluated event="persist.restore" subsystem="persist" outcome="ok" workspaces=2
2026-09-19T14:50:47.508922Z  INFO herdr::app: using pane scrollback configuration pane_scrollback_limit_bytes=10000000
2026-09-19T14:50:47.965771Z  INFO herdr::logging: checking for updates event="update.check.start" subsystem="update" outcome="started"
2026-09-19T14:50:47.977721Z  INFO herdr::server::headless::bootstrap: restored session already has workspaces; ignoring startup cwd cwd=/home/liam
2026-09-19T14:50:47.978247Z  INFO herdr::server::headless: client protocol socket listening path=/home/liam/.config/herdr/herdr-client.sock
2026-09-19T14:50:47.978383Z  INFO herdr::server::headless::bootstrap: herdr server started api_socket=/home/liam/.config/herdr/herdr.sock client_socket=/home/liam/.config/herdr/herdr-client.sock
2026-09-19T14:50:47.981630Z  INFO herdr::logging: herdr starting event="app.startup" subsystem="server" outcome="started" pid=3881
2026-09-19T14:50:48.048954Z  INFO herdr::server::headless: client connected client_id=2 cols=217 rows=71 cell_width_px=9 cell_height_px=20 surface_active=true render_encoding=SemanticFrame
2026-09-19T14:50:51.052139Z  WARN herdr::detect::manifest_update: agent detection manifest update failed: failed to fetch https://herdr.dev/agent-detection/index.toml
2026-09-19T14:50:55.069249Z  WARN herdr::logging: update check failed event="update.check.complete" subsystem="update" outcome="error" err="failed to fetch update manifest"
2026-09-19T14:51:10.365951Z  INFO herdr::server::headless: client detached client_id=2
2026-09-19T15:20:50.990679Z  WARN herdr::detect::manifest_update: agent detection manifest update failed: failed to fetch https://herdr.dev/agent-detection/index.toml
2026-09-20T15:21:40.259818Z  WARN herdr::detect::manifest_update: skipping unknown remote manifest agent agent="letta"
2026-09-20T15:51:40.268074Z  WARN herdr::detect::manifest_update: skipping unknown remote manifest agent agent="letta"
2026-09-20T16:49:38.059092Z  INFO herdr::server::headless: client connected client_id=4 cols=217 rows=68 cell_width_px=9 cell_height_px=20 surface_active=true render_encoding=SemanticFrame
2026-09-20T16:49:51.898718Z  INFO herdr::logging: tab focused event="tab.focus" subsystem="tab" outcome="ok" workspace_id="w1" tab_id="w1:t1"
2026-09-20T16:49:51.898812Z  INFO herdr::logging: tab focused event="tab.focus" subsystem="tab" outcome="ok" workspace_id="w1" tab_id="w1:t1"
2026-09-20T16:49:56.907902Z  INFO herdr::logging: session saved event="persist.save" subsystem="persist" outcome="ok" path=/home/liam/.config/herdr/session.json workspaces=2
2026-09-20T16:55:40.642582Z  INFO herdr::logging: tab focused event="tab.focus" subsystem="tab" outcome="ok" workspace_id="w1" tab_id="w1:t2"
2026-09-20T16:55:40.642682Z  INFO herdr::logging: tab focused event="tab.focus" subsystem="tab" outcome="ok" workspace_id="w1" tab_id="w1:t2"
2026-09-20T16:55:45.646564Z  INFO herdr::logging: session saved event="persist.save" subsystem="persist" outcome="ok" path=/home/liam/.config/herdr/session.json workspaces=2
2026-09-20T16:58:35.716609Z  INFO herdr::logging: tab focused event="tab.focus" subsystem="tab" outcome="ok" workspace_id="w1" tab_id="w1:t1"
2026-09-20T16:58:35.716690Z  INFO herdr::logging: tab focused event="tab.focus" subsystem="tab" outcome="ok" workspace_id="w1" tab_id="w1:t1"
2026-09-20T16:58:40.722539Z  INFO herdr::logging: session saved event="persist.save" subsystem="persist" outcome="ok" path=/home/liam/.config/herdr/session.json workspaces=2
2026-09-20T16:58:41.145621Z  INFO herdr::logging: tab focused event="tab.focus" subsystem="tab" outcome="ok" workspace_id="w1" tab_id="w1:t2"
2026-09-20T16:58:41.145769Z  INFO herdr::logging: tab focused event="tab.focus" subsystem="tab" outcome="ok" workspace_id="w1" tab_id="w1:t2"
2026-09-20T16:58:46.150374Z  INFO herdr::logging: session saved event="persist.save" subsystem="persist" outcome="ok" path=/home/liam/.config/herdr/session.json workspaces=2
2026-09-20T17:10:19.002966Z  INFO herdr::logging: tab focused event="tab.focus" subsystem="tab" outcome="ok" workspace_id="w1" tab_id="w1:t1"
2026-09-20T17:10:19.003049Z  INFO herdr::logging: tab focused event="tab.focus" subsystem="tab" outcome="ok" workspace_id="w1" tab_id="w1:t1"
2026-09-20T17:10:23.050234Z  INFO herdr::logging: tab focused event="tab.focus" subsystem="tab" outcome="ok" workspace_id="w1" tab_id="w1:t2"
2026-09-20T17:10:23.050325Z  INFO herdr::logging: tab focused event="tab.focus" subsystem="tab" outcome="ok" workspace_id="w1" tab_id="w1:t2"
2026-09-20T17:10:28.054818Z  INFO herdr::logging: session saved event="persist.save" subsystem="persist" outcome="ok" path=/home/liam/.config/herdr/session.json workspaces=2
2026-09-20T17:13:02.090847Z  WARN herdr::detect::manifest_update: skipping unknown remote manifest agent agent="letta"
2026-09-20T17:27:30.353220Z  INFO herdr::logging: tab focused event="tab.focus" subsystem="tab" outcome="ok" workspace_id="w1" tab_id="w1:t1"
2026-09-20T17:27:30.353356Z  INFO herdr::logging: tab focused event="tab.focus" subsystem="tab" outcome="ok" workspace_id="w1" tab_id="w1:t1"
2026-09-20T17:27:35.357242Z  INFO herdr::logging: session saved event="persist.save" subsystem="persist" outcome="ok" path=/home/liam/.config/herdr/session.json workspaces=2
2026-09-20T17:43:03.000610Z  WARN herdr::detect::manifest_update: skipping unknown remote manifest agent agent="letta"
2026-09-21T03:10:29.830182Z  WARN herdr::detect::manifest_update: skipping unknown remote manifest agent agent="letta"
2026-09-21T03:40:29.375558Z  WARN herdr::detect::manifest_update: skipping unknown remote manifest agent agent="letta"
2026-09-21T04:10:29.241852Z  WARN herdr::detect::manifest_update: skipping unknown remote manifest agent agent="letta"
2026-09-21T14:27:48.140820Z  WARN herdr::detect::manifest_update: skipping unknown remote manifest agent agent="letta"
2026-09-21T14:57:48.687326Z  WARN herdr::detect::manifest_update: skipping unknown remote manifest agent agent="letta"
2026-09-21T15:27:48.907791Z  WARN herdr::detect::manifest_update: skipping unknown remote manifest agent agent="letta"
2026-09-21T15:55:38.786118Z  INFO herdr::server::headless: client detached client_id=4
2026-09-21T17:12:43.413206Z  INFO herdr::api::server: api server listening path=/home/liam/.config/herdr/herdr.sock
2026-09-21T17:12:43.416594Z  INFO herdr::logging: spawning pane terminal event="pane.spawn.start" subsystem="pane" outcome="started" pane_id=1 rows=24 cols=80 scrollback_limit_bytes=10000000
2026-09-21T17:12:43.419254Z  INFO herdr::logging: pane child spawned event="pane.spawned" subsystem="pane" outcome="ok" pane_id=1 pid=3215
2026-09-21T17:12:43.420882Z  INFO herdr::logging: spawning pane terminal event="pane.spawn.start" subsystem="pane" outcome="started" pane_id=2 rows=24 cols=80 scrollback_limit_bytes=10000000
2026-09-21T17:12:43.423321Z  INFO herdr::logging: pane child spawned event="pane.spawned" subsystem="pane" outcome="ok" pane_id=2 pid=3227
2026-09-21T17:12:43.425665Z  INFO herdr::logging: spawning pane terminal event="pane.spawn.start" subsystem="pane" outcome="started" pane_id=3 rows=24 cols=80 scrollback_limit_bytes=10000000
2026-09-21T17:12:43.428484Z  INFO herdr::logging: pane child spawned event="pane.spawned" subsystem="pane" outcome="ok" pane_id=3 pid=3234
2026-09-21T17:12:43.429064Z  INFO herdr::logging: spawning pane terminal event="pane.spawn.start" subsystem="pane" outcome="started" pane_id=4 rows=24 cols=80 scrollback_limit_bytes=10000000
2026-09-21T17:12:43.430619Z  INFO herdr::logging: pane child spawned event="pane.spawned" subsystem="pane" outcome="ok" pane_id=4 pid=3240
2026-09-21T17:12:43.431519Z  INFO herdr::logging: spawning pane terminal event="pane.spawn.start" subsystem="pane" outcome="started" pane_id=5 rows=24 cols=80 scrollback_limit_bytes=10000000
2026-09-21T17:12:43.435110Z  INFO herdr::logging: pane child spawned event="pane.spawned" subsystem="pane" outcome="ok" pane_id=5 pid=3250
2026-09-21T17:12:43.435508Z  INFO herdr::logging: session restore evaluated event="persist.restore" subsystem="persist" outcome="ok" workspaces=2
2026-09-21T17:12:43.435583Z  INFO herdr::app: using pane scrollback configuration pane_scrollback_limit_bytes=10000000
2026-09-21T17:12:43.781885Z  INFO herdr::logging: checking for updates event="update.check.start" subsystem="update" outcome="started"
2026-09-21T17:12:43.784419Z  INFO herdr::server::headless::bootstrap: restored session already has workspaces; ignoring startup cwd cwd=/home/liam
2026-09-21T17:12:43.784703Z  INFO herdr::server::headless: client protocol socket listening path=/home/liam/.config/herdr/herdr-client.sock
2026-09-21T17:12:43.785105Z  INFO herdr::server::headless::bootstrap: herdr server started api_socket=/home/liam/.config/herdr/herdr.sock client_socket=/home/liam/.config/herdr/herdr-client.sock
2026-09-21T17:12:43.786716Z  INFO herdr::logging: herdr starting event="app.startup" subsystem="server" outcome="started" pid=3191
2026-09-21T17:12:43.992679Z  INFO herdr::server::headless: client connected client_id=2 cols=217 rows=71 cell_width_px=9 cell_height_px=20 surface_active=true render_encoding=SemanticFrame
2026-09-21T17:12:46.798280Z  WARN herdr::detect::manifest_update: agent detection manifest update failed: failed to fetch https://herdr.dev/agent-detection/index.toml
2026-09-21T17:12:50.829792Z  WARN herdr::logging: update check failed event="update.check.complete" subsystem="update" outcome="error" err="failed to fetch update manifest"
2026-09-21T17:42:46.803877Z  WARN herdr::detect::manifest_update: agent detection manifest update failed: failed to fetch https://herdr.dev/agent-detection/index.toml
2026-09-21T19:22:06.953308Z  INFO herdr::server::headless: client detached client_id=2
2026-09-21T19:22:58.456229Z  INFO herdr::api::server: api server listening path=/home/liam/.config/herdr/herdr.sock
2026-09-21T19:22:58.465330Z  INFO herdr::logging: spawning pane terminal event="pane.spawn.start" subsystem="pane" outcome="started" pane_id=1 rows=24 cols=80 scrollback_limit_bytes=10000000
2026-09-21T19:22:58.468736Z  INFO herdr::logging: pane child spawned event="pane.spawned" subsystem="pane" outcome="ok" pane_id=1 pid=3547
2026-09-21T19:22:58.469682Z  INFO herdr::logging: spawning pane terminal event="pane.spawn.start" subsystem="pane" outcome="started" pane_id=2 rows=24 cols=80 scrollback_limit_bytes=10000000
2026-09-21T19:22:58.475118Z  INFO herdr::logging: pane child spawned event="pane.spawned" subsystem="pane" outcome="ok" pane_id=2 pid=3551
2026-09-21T19:22:58.477529Z  INFO herdr::logging: spawning pane terminal event="pane.spawn.start" subsystem="pane" outcome="started" pane_id=3 rows=24 cols=80 scrollback_limit_bytes=10000000
2026-09-21T19:22:58.480840Z  INFO herdr::logging: pane child spawned event="pane.spawned" subsystem="pane" outcome="ok" pane_id=3 pid=3556
2026-09-21T19:22:58.482355Z  INFO herdr::logging: spawning pane terminal event="pane.spawn.start" subsystem="pane" outcome="started" pane_id=4 rows=24 cols=80 scrollback_limit_bytes=10000000
2026-09-21T19:22:58.487343Z  INFO herdr::logging: pane child spawned event="pane.spawned" subsystem="pane" outcome="ok" pane_id=4 pid=3561
2026-09-21T19:22:58.489222Z  INFO herdr::logging: spawning pane terminal event="pane.spawn.start" subsystem="pane" outcome="started" pane_id=5 rows=24 cols=80 scrollback_limit_bytes=10000000
2026-09-21T19:22:58.492581Z  INFO herdr::logging: pane child spawned event="pane.spawned" subsystem="pane" outcome="ok" pane_id=5 pid=3571
2026-09-21T19:22:58.493411Z  INFO herdr::logging: session restore evaluated event="persist.restore" subsystem="persist" outcome="ok" workspaces=2
2026-09-21T19:22:58.493500Z  INFO herdr::app: using pane scrollback configuration pane_scrollback_limit_bytes=10000000
2026-09-21T19:22:58.994448Z  INFO herdr::logging: checking for updates event="update.check.start" subsystem="update" outcome="started"
2026-09-21T19:22:59.000490Z  INFO herdr::server::headless::bootstrap: restored session already has workspaces; ignoring startup cwd cwd=/home/liam
2026-09-21T19:22:59.001336Z  INFO herdr::server::headless: client protocol socket listening path=/home/liam/.config/herdr/herdr-client.sock
2026-09-21T19:22:59.001530Z  INFO herdr::server::headless::bootstrap: herdr server started api_socket=/home/liam/.config/herdr/herdr.sock client_socket=/home/liam/.config/herdr/herdr-client.sock
2026-09-21T19:22:59.002055Z  INFO herdr::logging: herdr starting event="app.startup" subsystem="server" outcome="started" pid=3523
2026-09-21T19:22:59.024373Z  INFO herdr::server::headless: client connected client_id=2 cols=217 rows=71 cell_width_px=9 cell_height_px=20 surface_active=true render_encoding=SemanticFrame
2026-09-21T19:23:02.042805Z  WARN herdr::detect::manifest_update: agent detection manifest update failed: failed to fetch https://herdr.dev/agent-detection/index.toml
2026-09-21T19:23:06.079108Z  WARN herdr::logging: update check failed event="update.check.complete" subsystem="update" outcome="error" err="failed to fetch update manifest"
2026-09-21T19:28:37.593343Z  INFO herdr::server::headless: client detached client_id=2
2026-09-22T12:17:49.026407Z  INFO herdr::api::server: api server listening path=/home/liam/.config/herdr/herdr.sock
2026-09-22T12:17:49.035161Z  INFO herdr::logging: spawning pane terminal event="pane.spawn.start" subsystem="pane" outcome="started" pane_id=1 rows=24 cols=80 scrollback_limit_bytes=10000000
2026-09-22T12:17:49.038711Z  INFO herdr::logging: pane child spawned event="pane.spawned" subsystem="pane" outcome="ok" pane_id=1 pid=4930
2026-09-22T12:17:49.039948Z  INFO herdr::logging: spawning pane terminal event="pane.spawn.start" subsystem="pane" outcome="started" pane_id=2 rows=24 cols=80 scrollback_limit_bytes=10000000
2026-09-22T12:17:49.044174Z  INFO herdr::logging: pane child spawned event="pane.spawned" subsystem="pane" outcome="ok" pane_id=2 pid=4933
2026-09-22T12:17:49.046790Z  INFO herdr::logging: spawning pane terminal event="pane.spawn.start" subsystem="pane" outcome="started" pane_id=3 rows=24 cols=80 scrollback_limit_bytes=10000000
2026-09-22T12:17:49.050148Z  INFO herdr::logging: pane child spawned event="pane.spawned" subsystem="pane" outcome="ok" pane_id=3 pid=4937
2026-09-22T12:17:49.051626Z  INFO herdr::logging: spawning pane terminal event="pane.spawn.start" subsystem="pane" outcome="started" pane_id=4 rows=24 cols=80 scrollback_limit_bytes=10000000
2026-09-22T12:17:49.054500Z  INFO herdr::logging: pane child spawned event="pane.spawned" subsystem="pane" outcome="ok" pane_id=4 pid=4941
2026-09-22T12:17:49.057579Z  INFO herdr::logging: spawning pane terminal event="pane.spawn.start" subsystem="pane" outcome="started" pane_id=5 rows=24 cols=80 scrollback_limit_bytes=10000000
2026-09-22T12:17:49.061823Z  INFO herdr::logging: pane child spawned event="pane.spawned" subsystem="pane" outcome="ok" pane_id=5 pid=4948
2026-09-22T12:17:49.063092Z  INFO herdr::logging: session restore evaluated event="persist.restore" subsystem="persist" outcome="ok" workspaces=2
2026-09-22T12:17:49.063273Z  INFO herdr::app: using pane scrollback configuration pane_scrollback_limit_bytes=10000000
2026-09-22T12:17:49.662182Z  INFO herdr::logging: checking for updates event="update.check.start" subsystem="update" outcome="started"
2026-09-22T12:17:49.664910Z  INFO herdr::server::headless::bootstrap: restored session already has workspaces; ignoring startup cwd cwd=/home/liam
2026-09-22T12:17:49.667317Z  INFO herdr::server::headless: client protocol socket listening path=/home/liam/.config/herdr/herdr-client.sock
2026-09-22T12:17:49.667493Z  INFO herdr::server::headless::bootstrap: herdr server started api_socket=/home/liam/.config/herdr/herdr.sock client_socket=/home/liam/.config/herdr/herdr-client.sock
2026-09-22T12:17:49.667848Z  INFO herdr::logging: herdr starting event="app.startup" subsystem="server" outcome="started" pid=4902
2026-09-22T12:17:49.830407Z  WARN herdr::detect::manifest_update: skipping unknown remote manifest agent agent="letta"
2026-09-22T12:17:49.881126Z  INFO herdr::logging: update available event="update.available" subsystem="update" outcome="ok" version="0.9.1"
2026-09-22T12:17:49.881274Z  INFO herdr::update: new stable build available at https://github.com/herdrdev/herdr/releases/download/v0.9.1/herdr-linux-x86_64
2026-09-22T12:17:49.882949Z  INFO herdr::update: auto-update check: 0.9.1 available, waiting for explicit install
2026-09-22T12:17:49.893174Z  INFO herdr::server::headless: client connected client_id=2 cols=217 rows=71 cell_width_px=9 cell_height_px=20 surface_active=true render_encoding=SemanticFrame
2026-09-22T12:47:49.796371Z  WARN herdr::detect::manifest_update: skipping unknown remote manifest agent agent="letta"
2026-09-22T12:51:32.564479Z  INFO herdr::server::headless: client connected client_id=4 cols=180 rows=47 cell_width_px=9 cell_height_px=20 surface_active=true render_encoding=SemanticFrame
2026-09-22T12:51:37.562151Z  INFO herdr::logging: pane child exited event="pane.exit" subsystem="pane" outcome="completed" pane_id=1 status="ExitStatus { code: 0, signal: None }"
2026-09-22T12:51:37.562589Z  INFO herdr::pane: pane session terminated pane=1 pid=4930 signal=Hangup
2026-09-22T12:51:39.392514Z  INFO herdr::logging: pane child exited event="pane.exit" subsystem="pane" outcome="completed" pane_id=2 status="ExitStatus { code: 0, signal: None }"
2026-09-22T12:51:39.392970Z  INFO herdr::pane: pane session terminated pane=2 pid=4933 signal=Hangup
2026-09-22T12:51:41.281569Z  INFO herdr::logging: pane child exited event="pane.exit" subsystem="pane" outcome="completed" pane_id=3 status="ExitStatus { code: 0, signal: None }"
2026-09-22T12:51:41.281962Z  INFO herdr::pane: pane session terminated pane=3 pid=4937 signal=Hangup
2026-09-22T12:51:42.350442Z  INFO herdr::logging: pane child exited event="pane.exit" subsystem="pane" outcome="completed" pane_id=4 status="ExitStatus { code: 0, signal: None }"
2026-09-22T12:51:42.365151Z  INFO herdr::pane: pane session terminated pane=4 pid=4941 signal=Hangup
2026-09-22T12:51:44.196610Z  INFO herdr::server::headless: client detached client_id=4
2026-09-22T12:51:47.371624Z  INFO herdr::logging: session saved event="persist.save" subsystem="persist" outcome="ok" path=/home/liam/.config/herdr/session.json workspaces=1
2026-09-22T12:51:56.624012Z  INFO herdr::server::headless: client detached client_id=2
2026-09-22T13:17:49.798930Z  WARN herdr::detect::manifest_update: skipping unknown remote manifest agent agent="letta"
2026-09-22T13:40:15.991580Z  INFO herdr::api::server: api server listening path=/home/liam/.config/herdr/herdr.sock
2026-09-22T13:40:16.009468Z  INFO herdr::logging: spawning pane terminal event="pane.spawn.start" subsystem="pane" outcome="started" pane_id=1 rows=24 cols=80 scrollback_limit_bytes=10000000
2026-09-22T13:40:16.014189Z  INFO herdr::logging: pane child spawned event="pane.spawned" subsystem="pane" outcome="ok" pane_id=1 pid=4478
2026-09-22T13:40:16.015249Z  INFO herdr::logging: session restore evaluated event="persist.restore" subsystem="persist" outcome="ok" workspaces=1
2026-09-22T13:40:16.015362Z  INFO herdr::app: using pane scrollback configuration pane_scrollback_limit_bytes=10000000
2026-09-22T13:40:16.608278Z  INFO herdr::logging: checking for updates event="update.check.start" subsystem="update" outcome="started"
2026-09-22T13:40:16.612088Z  INFO herdr::server::headless::bootstrap: restored session already has workspaces; ignoring startup cwd cwd=/home/liam
2026-09-22T13:40:16.612784Z  INFO herdr::server::headless: client protocol socket listening path=/home/liam/.config/herdr/herdr-client.sock
2026-09-22T13:40:16.613751Z  INFO herdr::server::headless::bootstrap: herdr server started api_socket=/home/liam/.config/herdr/herdr.sock client_socket=/home/liam/.config/herdr/herdr-client.sock
2026-09-22T13:40:16.615672Z  INFO herdr::logging: herdr starting event="app.startup" subsystem="server" outcome="started" pid=4440
2026-09-22T13:40:16.870507Z  INFO herdr::server::headless: client connected client_id=2 cols=180 rows=47 cell_width_px=9 cell_height_px=20 surface_active=true render_encoding=SemanticFrame
2026-09-22T13:40:19.645823Z  WARN herdr::detect::manifest_update: agent detection manifest update failed: failed to fetch https://herdr.dev/agent-detection/index.toml
2026-09-22T13:40:23.666841Z  WARN herdr::logging: update check failed event="update.check.complete" subsystem="update" outcome="error" err="failed to fetch update manifest"
2026-09-22T13:44:42.483240Z  INFO herdr::server::headless: client detached client_id=2
2026-09-22T14:00:00.562753Z  INFO herdr::server::headless: client connected client_id=4 cols=180 rows=47 cell_width_px=9 cell_height_px=20 surface_active=true render_encoding=SemanticFrame
2026-09-22T14:00:29.827120Z  INFO herdr::logging: spawning pane terminal event="pane.spawn.start" subsystem="pane" outcome="started" pane_id=2 rows=47 cols=180 scrollback_limit_bytes=10000000
2026-09-22T14:00:29.829441Z  INFO herdr::logging: pane child spawned event="pane.spawned" subsystem="pane" outcome="ok" pane_id=2 pid=138806
2026-09-22T14:00:29.829845Z  INFO herdr::logging: tab renamed event="tab.rename" subsystem="tab" outcome="ok" workspace_id="w2" tab_id="w2:t2"
2026-09-22T14:00:29.829877Z  INFO herdr::logging: tab focused event="tab.focus" subsystem="tab" outcome="ok" workspace_id="w2" tab_id="w2:t2"
2026-09-22T14:00:34.837821Z  INFO herdr::logging: session saved event="persist.save" subsystem="persist" outcome="ok" path=/home/liam/.config/herdr/session.json workspaces=1
2026-09-22T14:02:26.735519Z  INFO herdr::logging: tab focused event="tab.focus" subsystem="tab" outcome="ok" workspace_id="w2" tab_id="w2:t1"
2026-09-22T14:02:26.735624Z  INFO herdr::logging: tab focused event="tab.focus" subsystem="tab" outcome="ok" workspace_id="w2" tab_id="w2:t1"
2026-09-22T14:02:31.738382Z  INFO herdr::logging: session saved event="persist.save" subsystem="persist" outcome="ok" path=/home/liam/.config/herdr/session.json workspaces=1
2026-09-22T14:03:07.287884Z  INFO herdr::logging: tab focused event="tab.focus" subsystem="tab" outcome="ok" workspace_id="w2" tab_id="w2:t2"
2026-09-22T14:03:07.287974Z  INFO herdr::logging: tab focused event="tab.focus" subsystem="tab" outcome="ok" workspace_id="w2" tab_id="w2:t2"
2026-09-22T14:03:12.290737Z  INFO herdr::logging: session saved event="persist.save" subsystem="persist" outcome="ok" path=/home/liam/.config/herdr/session.json workspaces=1
2026-09-22T14:06:32.686043Z  INFO herdr::logging: tab focused event="tab.focus" subsystem="tab" outcome="ok" workspace_id="w2" tab_id="w2:t1"
2026-09-22T14:06:32.686162Z  INFO herdr::logging: tab focused event="tab.focus" subsystem="tab" outcome="ok" workspace_id="w2" tab_id="w2:t1"
2026-09-22T14:06:37.688754Z  INFO herdr::logging: session saved event="persist.save" subsystem="persist" outcome="ok" path=/home/liam/.config/herdr/session.json workspaces=1
2026-09-22T14:06:37.899916Z  INFO herdr::logging: spawning pane terminal event="pane.spawn.start" subsystem="pane" outcome="started" pane_id=3 rows=47 cols=180 scrollback_limit_bytes=10000000
2026-09-22T14:06:37.902551Z  INFO herdr::logging: pane child spawned event="pane.spawned" subsystem="pane" outcome="ok" pane_id=3 pid=173113
2026-09-22T14:06:37.902890Z  INFO herdr::logging: tab renamed event="tab.rename" subsystem="tab" outcome="ok" workspace_id="w2" tab_id="w2:t3"
2026-09-22T14:06:37.902931Z  INFO herdr::logging: tab focused event="tab.focus" subsystem="tab" outcome="ok" workspace_id="w2" tab_id="w2:t3"
2026-09-22T14:06:42.909820Z  INFO herdr::logging: session saved event="persist.save" subsystem="persist" outcome="ok" path=/home/liam/.config/herdr/session.json workspaces=1
2026-09-22T14:07:18.988140Z  INFO herdr::logging: tab focused event="tab.focus" subsystem="tab" outcome="ok" workspace_id="w2" tab_id="w2:t2"
2026-09-22T14:07:18.988273Z  INFO herdr::logging: tab focused event="tab.focus" subsystem="tab" outcome="ok" workspace_id="w2" tab_id="w2:t2"
2026-09-22T14:07:23.990656Z  INFO herdr::logging: session saved event="persist.save" subsystem="persist" outcome="ok" path=/home/liam/.config/herdr/session.json workspaces=1
2026-09-22T14:07:24.223313Z  INFO herdr::logging: tab focused event="tab.focus" subsystem="tab" outcome="ok" workspace_id="w2" tab_id="w2:t3"
2026-09-22T14:07:24.223408Z  INFO herdr::logging: tab focused event="tab.focus" subsystem="tab" outcome="ok" workspace_id="w2" tab_id="w2:t3"
2026-09-22T14:07:29.226309Z  INFO herdr::logging: session saved event="persist.save" subsystem="persist" outcome="ok" path=/home/liam/.config/herdr/session.json workspaces=1
2026-09-22T14:07:56.918903Z  INFO herdr::logging: tab focused event="tab.focus" subsystem="tab" outcome="ok" workspace_id="w2" tab_id="w2:t2"
2026-09-22T14:07:56.919016Z  INFO herdr::logging: tab focused event="tab.focus" subsystem="tab" outcome="ok" workspace_id="w2" tab_id="w2:t2"
2026-09-22T14:08:01.920245Z  INFO herdr::logging: session saved event="persist.save" subsystem="persist" outcome="ok" path=/home/liam/.config/herdr/session.json workspaces=1
2026-09-22T14:10:16.613976Z  INFO herdr::logging: checking for updates event="update.check.start" subsystem="update" outcome="started"
2026-09-22T14:25:02.942268Z  INFO herdr::logging: tab focused event="tab.focus" subsystem="tab" outcome="ok" workspace_id="w2" tab_id="w2:t1"
2026-09-22T14:25:02.942388Z  INFO herdr::logging: tab focused event="tab.focus" subsystem="tab" outcome="ok" workspace_id="w2" tab_id="w2:t1"
2026-09-22T14:25:07.944542Z  INFO herdr::logging: session saved event="persist.save" subsystem="persist" outcome="ok" path=/home/liam/.config/herdr/session.json workspaces=1
2026-09-22T14:25:18.043835Z  INFO herdr::logging: tab renamed event="tab.rename" subsystem="tab" outcome="ok" workspace_id="w2" tab_id="w2:t1"
2026-09-22T14:25:23.045267Z  INFO herdr::logging: session saved event="persist.save" subsystem="persist" outcome="ok" path=/home/liam/.config/herdr/session.json workspaces=1
2026-09-22T14:25:31.617931Z  INFO herdr::logging: spawning pane terminal event="pane.spawn.start" subsystem="pane" outcome="started" pane_id=4 rows=47 cols=180 scrollback_limit_bytes=10000000
2026-09-22T14:25:31.620201Z  INFO herdr::logging: pane child spawned event="pane.spawned" subsystem="pane" outcome="ok" pane_id=4 pid=285709
2026-09-22T14:25:31.620552Z  INFO herdr::logging: workspace created event="workspace.create" subsystem="workspace" outcome="ok" workspace_id="w3" pane_id=4
2026-09-22T14:25:31.620563Z  INFO herdr::logging: workspace focused event="workspace.focus" subsystem="workspace" outcome="ok" workspace_id="w3"
2026-09-22T14:25:31.620570Z  INFO herdr::logging: tab focused event="tab.focus" subsystem="tab" outcome="ok" workspace_id="w3" tab_id="w3:t1"
2026-09-22T14:25:36.628824Z  INFO herdr::logging: session saved event="persist.save" subsystem="persist" outcome="ok" path=/home/liam/.config/herdr/session.json workspaces=2
2026-09-22T14:26:45.389640Z  INFO herdr::logging: tab renamed event="tab.rename" subsystem="tab" outcome="ok" workspace_id="w3" tab_id="w3:t1"
2026-09-22T14:26:50.391438Z  INFO herdr::logging: session saved event="persist.save" subsystem="persist" outcome="ok" path=/home/liam/.config/herdr/session.json workspaces=2
2026-09-22T14:40:16.615379Z  INFO herdr::logging: checking for updates event="update.check.start" subsystem="update" outcome="started"
2026-09-22T14:41:12.207235Z  INFO herdr::logging: spawning pane terminal event="pane.spawn.start" subsystem="pane" outcome="started" pane_id=5 rows=47 cols=180 scrollback_limit_bytes=10000000
2026-09-22T14:41:12.210183Z  INFO herdr::logging: pane child spawned event="pane.spawned" subsystem="pane" outcome="ok" pane_id=5 pid=370188
2026-09-22T14:41:12.210470Z  INFO herdr::logging: tab renamed event="tab.rename" subsystem="tab" outcome="ok" workspace_id="w3" tab_id="w3:t2"
2026-09-22T14:41:12.210496Z  INFO herdr::logging: tab focused event="tab.focus" subsystem="tab" outcome="ok" workspace_id="w3" tab_id="w3:t2"
2026-09-22T14:41:17.218083Z  INFO herdr::logging: session saved event="persist.save" subsystem="persist" outcome="ok" path=/home/liam/.config/herdr/session.json workspaces=2
2026-09-22T15:10:16.616527Z  INFO herdr::logging: checking for updates event="update.check.start" subsystem="update" outcome="started"
2026-09-22T15:20:15.858810Z  INFO herdr::logging: workspace focused event="workspace.focus" subsystem="workspace" outcome="ok" workspace_id="w3"
2026-09-22T15:20:15.858861Z  INFO herdr::logging: tab focused event="tab.focus" subsystem="tab" outcome="ok" workspace_id="w3" tab_id="w3:t2"
2026-09-22T15:20:16.234858Z  INFO herdr::logging: workspace focused event="workspace.focus" subsystem="workspace" outcome="ok" workspace_id="w3"
2026-09-22T15:20:16.234936Z  INFO herdr::logging: tab focused event="tab.focus" subsystem="tab" outcome="ok" workspace_id="w3" tab_id="w3:t2"
2026-09-22T15:20:16.963737Z  INFO herdr::logging: workspace focused event="workspace.focus" subsystem="workspace" outcome="ok" workspace_id="w3"
2026-09-22T15:20:16.963838Z  INFO herdr::logging: tab focused event="tab.focus" subsystem="tab" outcome="ok" workspace_id="w3" tab_id="w3:t2"
2026-09-22T15:20:17.315391Z  INFO herdr::logging: workspace focused event="workspace.focus" subsystem="workspace" outcome="ok" workspace_id="w3"
2026-09-22T15:20:17.315448Z  INFO herdr::logging: tab focused event="tab.focus" subsystem="tab" outcome="ok" workspace_id="w3" tab_id="w3:t2"
2026-09-22T15:20:17.653337Z  INFO herdr::logging: workspace focused event="workspace.focus" subsystem="workspace" outcome="ok" workspace_id="w3"
2026-09-22T15:20:17.653419Z  INFO herdr::logging: tab focused event="tab.focus" subsystem="tab" outcome="ok" workspace_id="w3" tab_id="w3:t2"
2026-09-22T15:20:17.898331Z  INFO herdr::logging: workspace focused event="workspace.focus" subsystem="workspace" outcome="ok" workspace_id="w3"
2026-09-22T15:20:17.898379Z  INFO herdr::logging: tab focused event="tab.focus" subsystem="tab" outcome="ok" workspace_id="w3" tab_id="w3:t2"
2026-09-22T15:20:18.838707Z  INFO herdr::logging: tab focused event="tab.focus" subsystem="tab" outcome="ok" workspace_id="w3" tab_id="w3:t1"
2026-09-22T15:20:18.838845Z  INFO herdr::logging: tab focused event="tab.focus" subsystem="tab" outcome="ok" workspace_id="w3" tab_id="w3:t1"
2026-09-22T15:20:19.693188Z  INFO herdr::logging: workspace focused event="workspace.focus" subsystem="workspace" outcome="ok" workspace_id="w3"
2026-09-22T15:20:19.693250Z  INFO herdr::logging: tab focused event="tab.focus" subsystem="tab" outcome="ok" workspace_id="w3" tab_id="w3:t1"
2026-09-22T15:20:20.022087Z  INFO herdr::logging: workspace focused event="workspace.focus" subsystem="workspace" outcome="ok" workspace_id="w3"
2026-09-22T15:20:20.022134Z  INFO herdr::logging: tab focused event="tab.focus" subsystem="tab" outcome="ok" workspace_id="w3" tab_id="w3:t1"
2026-09-22T15:20:20.248537Z  INFO herdr::logging: workspace focused event="workspace.focus" subsystem="workspace" outcome="ok" workspace_id="w3"
2026-09-22T15:20:20.248615Z  INFO herdr::logging: tab focused event="tab.focus" subsystem="tab" outcome="ok" workspace_id="w3" tab_id="w3:t1"
2026-09-22T15:20:21.626920Z  INFO herdr::logging: workspace focused event="workspace.focus" subsystem="workspace" outcome="ok" workspace_id="w2"
2026-09-22T15:20:21.627074Z  INFO herdr::logging: tab focused event="tab.focus" subsystem="tab" outcome="ok" workspace_id="w2" tab_id="w2:t1"
2026-09-22T15:20:21.627134Z  INFO herdr::logging: workspace focused event="workspace.focus" subsystem="workspace" outcome="ok" workspace_id="w2"
2026-09-22T15:20:21.627142Z  INFO herdr::logging: tab focused event="tab.focus" subsystem="tab" outcome="ok" workspace_id="w2" tab_id="w2:t1"
2026-09-22T15:20:21.942057Z  INFO herdr::logging: workspace focused event="workspace.focus" subsystem="workspace" outcome="ok" workspace_id="w2"
2026-09-22T15:20:21.942098Z  INFO herdr::logging: tab focused event="tab.focus" subsystem="tab" outcome="ok" workspace_id="w2" tab_id="w2:t1"
2026-09-22T15:20:23.495004Z  INFO herdr::logging: tab focused event="tab.focus" subsystem="tab" outcome="ok" workspace_id="w2" tab_id="w2:t2"
2026-09-22T15:20:23.495135Z  INFO herdr::logging: tab focused event="tab.focus" subsystem="tab" outcome="ok" workspace_id="w2" tab_id="w2:t2"
2026-09-22T15:20:24.063520Z  INFO herdr::logging: tab focused event="tab.focus" subsystem="tab" outcome="ok" workspace_id="w2" tab_id="w2:t3"
2026-09-22T15:20:24.063607Z  INFO herdr::logging: tab focused event="tab.focus" subsystem="tab" outcome="ok" workspace_id="w2" tab_id="w2:t3"
2026-09-22T15:20:29.066515Z  INFO herdr::logging: session saved event="persist.save" subsystem="persist" outcome="ok" path=/home/liam/.config/herdr/session.json workspaces=2
2026-09-22T15:40:16.617445Z  INFO herdr::logging: checking for updates event="update.check.start" subsystem="update" outcome="started"
2026-09-22T16:10:16.618521Z  INFO herdr::logging: checking for updates event="update.check.start" subsystem="update" outcome="started"
2026-09-22T17:06:28.744459Z  INFO herdr::logging: tab focused event="tab.focus" subsystem="tab" outcome="ok" workspace_id="w2" tab_id="w2:t2"
2026-09-22T17:06:28.744589Z  INFO herdr::logging: tab focused event="tab.focus" subsystem="tab" outcome="ok" workspace_id="w2" tab_id="w2:t2"
2026-09-22T17:06:33.748187Z  INFO herdr::logging: session saved event="persist.save" subsystem="persist" outcome="ok" path=/home/liam/.config/herdr/session.json workspaces=2
2026-09-22T17:09:32.678615Z  INFO herdr::logging: checking for updates event="update.check.start" subsystem="update" outcome="started"
2026-09-22T17:17:58.651517Z  INFO herdr::logging: workspace focused event="workspace.focus" subsystem="workspace" outcome="ok" workspace_id="w3"
2026-09-22T17:17:58.651592Z  INFO herdr::logging: tab focused event="tab.focus" subsystem="tab" outcome="ok" workspace_id="w3" tab_id="w3:t1"
2026-09-22T17:17:58.651688Z  INFO herdr::logging: workspace focused event="workspace.focus" subsystem="workspace" outcome="ok" workspace_id="w3"
2026-09-22T17:17:58.651704Z  INFO herdr::logging: tab focused event="tab.focus" subsystem="tab" outcome="ok" workspace_id="w3" tab_id="w3:t1"
2026-09-22T17:18:03.655653Z  INFO herdr::logging: session saved event="persist.save" subsystem="persist" outcome="ok" path=/home/liam/.config/herdr/session.json workspaces=2
2026-09-22T17:19:20.943890Z  INFO herdr::logging: workspace focused event="workspace.focus" subsystem="workspace" outcome="ok" workspace_id="w3"
2026-09-22T17:19:20.943959Z  INFO herdr::logging: tab focused event="tab.focus" subsystem="tab" outcome="ok" workspace_id="w3" tab_id="w3:t1"
2026-09-22T17:19:21.310450Z  INFO herdr::logging: workspace focused event="workspace.focus" subsystem="workspace" outcome="ok" workspace_id="w2"
2026-09-22T17:19:21.310518Z  INFO herdr::logging: tab focused event="tab.focus" subsystem="tab" outcome="ok" workspace_id="w2" tab_id="w2:t2"
2026-09-22T17:19:21.310598Z  INFO herdr::logging: workspace focused event="workspace.focus" subsystem="workspace" outcome="ok" workspace_id="w2"
2026-09-22T17:19:21.310606Z  INFO herdr::logging: tab focused event="tab.focus" subsystem="tab" outcome="ok" workspace_id="w2" tab_id="w2:t2"
2026-09-22T17:19:26.313781Z  INFO herdr::logging: session saved event="persist.save" subsystem="persist" outcome="ok" path=/home/liam/.config/herdr/session.json workspaces=2
2026-09-22T17:23:40.019592Z  INFO herdr::logging: workspace focused event="workspace.focus" subsystem="workspace" outcome="ok" workspace_id="w3"
2026-09-22T17:23:40.019646Z  INFO herdr::logging: tab focused event="tab.focus" subsystem="tab" outcome="ok" workspace_id="w3" tab_id="w3:t1"
2026-09-22T17:23:40.019707Z  INFO herdr::logging: workspace focused event="workspace.focus" subsystem="workspace" outcome="ok" workspace_id="w3"
2026-09-22T17:23:40.019714Z  INFO herdr::logging: tab focused event="tab.focus" subsystem="tab" outcome="ok" workspace_id="w3" tab_id="w3:t1"
2026-09-22T17:23:45.022460Z  INFO herdr::logging: session saved event="persist.save" subsystem="persist" outcome="ok" path=/home/liam/.config/herdr/session.json workspaces=2
2026-09-22T17:39:33.439268Z  INFO herdr::logging: checking for updates event="update.check.start" subsystem="update" outcome="started"
2026-09-22T17:46:04.493248Z  INFO herdr::logging: workspace focused event="workspace.focus" subsystem="workspace" outcome="ok" workspace_id="w3"
2026-09-22T17:46:04.493316Z  INFO herdr::logging: tab focused event="tab.focus" subsystem="tab" outcome="ok" workspace_id="w3" tab_id="w3:t1"
2026-09-22T17:46:05.174026Z  INFO herdr::logging: workspace focused event="workspace.focus" subsystem="workspace" outcome="ok" workspace_id="w2"
2026-09-22T17:46:05.174066Z  INFO herdr::logging: tab focused event="tab.focus" subsystem="tab" outcome="ok" workspace_id="w2" tab_id="w2:t2"
2026-09-22T17:46:05.174112Z  INFO herdr::logging: workspace focused event="workspace.focus" subsystem="workspace" outcome="ok" workspace_id="w2"
2026-09-22T17:46:05.174117Z  INFO herdr::logging: tab focused event="tab.focus" subsystem="tab" outcome="ok" workspace_id="w2" tab_id="w2:t2"
2026-09-22T17:46:06.292132Z  INFO herdr::logging: tab focused event="tab.focus" subsystem="tab" outcome="ok" workspace_id="w2" tab_id="w2:t1"
2026-09-22T17:46:06.292239Z  INFO herdr::logging: tab focused event="tab.focus" subsystem="tab" outcome="ok" workspace_id="w2" tab_id="w2:t1"
2026-09-22T17:46:11.295101Z  INFO herdr::logging: session saved event="persist.save" subsystem="persist" outcome="ok" path=/home/liam/.config/herdr/session.json workspaces=2
2026-09-22T17:58:39.505623Z  INFO herdr::logging: tab focused event="tab.focus" subsystem="tab" outcome="ok" workspace_id="w2" tab_id="w2:t3"
2026-09-22T17:58:39.505772Z  INFO herdr::logging: tab focused event="tab.focus" subsystem="tab" outcome="ok" workspace_id="w2" tab_id="w2:t3"
2026-09-22T17:58:42.024867Z  INFO herdr::logging: tab focused event="tab.focus" subsystem="tab" outcome="ok" workspace_id="w2" tab_id="w2:t2"
2026-09-22T17:58:42.024952Z  INFO herdr::logging: tab focused event="tab.focus" subsystem="tab" outcome="ok" workspace_id="w2" tab_id="w2:t2"
2026-09-22T17:58:42.849540Z  INFO herdr::logging: tab focused event="tab.focus" subsystem="tab" outcome="ok" workspace_id="w2" tab_id="w2:t3"
2026-09-22T17:58:42.849705Z  INFO herdr::logging: tab focused event="tab.focus" subsystem="tab" outcome="ok" workspace_id="w2" tab_id="w2:t3"
2026-09-22T17:58:43.845768Z  INFO herdr::logging: tab focused event="tab.focus" subsystem="tab" outcome="ok" workspace_id="w2" tab_id="w2:t2"
2026-09-22T17:58:43.845892Z  INFO herdr::logging: tab focused event="tab.focus" subsystem="tab" outcome="ok" workspace_id="w2" tab_id="w2:t2"
2026-09-22T17:58:48.848195Z  INFO herdr::logging: session saved event="persist.save" subsystem="persist" outcome="ok" path=/home/liam/.config/herdr/session.json workspaces=2
2026-09-22T18:00:57.809994Z  INFO herdr::logging: tab focused event="tab.focus" subsystem="tab" outcome="ok" workspace_id="w2" tab_id="w2:t3"
2026-09-22T18:00:57.810151Z  INFO herdr::logging: tab focused event="tab.focus" subsystem="tab" outcome="ok" workspace_id="w2" tab_id="w2:t3"
2026-09-22T18:01:02.812622Z  INFO herdr::logging: session saved event="persist.save" subsystem="persist" outcome="ok" path=/home/liam/.config/herdr/session.json workspaces=2
2026-09-22T18:09:33.440923Z  INFO herdr::logging: checking for updates event="update.check.start" subsystem="update" outcome="started"
2026-09-23T12:41:48.325957Z  INFO herdr::api::server: api server listening path=/home/liam/.config/herdr/herdr.sock
2026-09-23T12:41:48.342824Z  INFO herdr::logging: spawning pane terminal event="pane.spawn.start" subsystem="pane" outcome="started" pane_id=1 rows=24 cols=80 scrollback_limit_bytes=10000000
2026-09-23T12:41:48.345835Z  INFO herdr::logging: pane child spawned event="pane.spawned" subsystem="pane" outcome="ok" pane_id=1 pid=5932
2026-09-23T12:41:48.347402Z  INFO herdr::logging: spawning pane terminal event="pane.spawn.start" subsystem="pane" outcome="started" pane_id=2 rows=24 cols=80 scrollback_limit_bytes=10000000
2026-09-23T12:41:48.350368Z  INFO herdr::logging: pane child spawned event="pane.spawned" subsystem="pane" outcome="ok" pane_id=2 pid=5935
2026-09-23T12:41:48.351595Z  INFO herdr::logging: spawning pane terminal event="pane.spawn.start" subsystem="pane" outcome="started" pane_id=3 rows=24 cols=80 scrollback_limit_bytes=10000000
2026-09-23T12:41:48.354181Z  INFO herdr::logging: pane child spawned event="pane.spawned" subsystem="pane" outcome="ok" pane_id=3 pid=5938
2026-09-23T12:41:48.359405Z  INFO herdr::logging: spawning pane terminal event="pane.spawn.start" subsystem="pane" outcome="started" pane_id=4 rows=24 cols=80 scrollback_limit_bytes=10000000
2026-09-23T12:41:48.361858Z  INFO herdr::logging: pane child spawned event="pane.spawned" subsystem="pane" outcome="ok" pane_id=4 pid=5941
2026-09-23T12:41:48.362848Z  INFO herdr::logging: spawning pane terminal event="pane.spawn.start" subsystem="pane" outcome="started" pane_id=5 rows=24 cols=80 scrollback_limit_bytes=10000000
2026-09-23T12:41:48.365794Z  INFO herdr::logging: pane child spawned event="pane.spawned" subsystem="pane" outcome="ok" pane_id=5 pid=5944
2026-09-23T12:41:48.369479Z  INFO herdr::logging: session restore evaluated event="persist.restore" subsystem="persist" outcome="ok" workspaces=2
2026-09-23T12:41:48.369594Z  INFO herdr::app: using pane scrollback configuration pane_scrollback_limit_bytes=10000000
2026-09-23T12:41:48.876026Z  INFO herdr::logging: checking for updates event="update.check.start" subsystem="update" outcome="started"
2026-09-23T12:41:48.882013Z  INFO herdr::server::headless::bootstrap: restored session already has workspaces; ignoring startup cwd cwd=/home/liam
2026-09-23T12:41:48.882641Z  INFO herdr::server::headless: client protocol socket listening path=/home/liam/.config/herdr/herdr-client.sock
2026-09-23T12:41:48.882873Z  INFO herdr::server::headless::bootstrap: herdr server started api_socket=/home/liam/.config/herdr/herdr.sock client_socket=/home/liam/.config/herdr/herdr-client.sock
2026-09-23T12:41:48.888313Z  INFO herdr::logging: herdr starting event="app.startup" subsystem="server" outcome="started" pid=5900
2026-09-23T12:41:49.202294Z  INFO herdr::server::headless: client connected client_id=2 cols=179 rows=49 cell_width_px=9 cell_height_px=20 surface_active=true render_encoding=SemanticFrame
2026-09-23T13:06:27.709783Z  INFO herdr::logging: tab focused event="tab.focus" subsystem="tab" outcome="ok" workspace_id="w2" tab_id="w2:t1"
2026-09-23T13:06:27.709927Z  INFO herdr::logging: tab focused event="tab.focus" subsystem="tab" outcome="ok" workspace_id="w2" tab_id="w2:t1"
2026-09-23T13:06:32.713602Z  INFO herdr::logging: session saved event="persist.save" subsystem="persist" outcome="ok" path=/home/liam/.config/herdr/session.json workspaces=2
2026-09-23T13:07:12.739366Z  INFO herdr::logging: tab focused event="tab.focus" subsystem="tab" outcome="ok" workspace_id="w2" tab_id="w2:t3"
2026-09-23T13:07:12.739494Z  INFO herdr::logging: tab focused event="tab.focus" subsystem="tab" outcome="ok" workspace_id="w2" tab_id="w2:t3"
2026-09-23T13:07:17.742086Z  INFO herdr::logging: session saved event="persist.save" subsystem="persist" outcome="ok" path=/home/liam/.config/herdr/session.json workspaces=2
2026-09-23T13:11:48.881553Z  INFO herdr::logging: checking for updates event="update.check.start" subsystem="update" outcome="started"
2026-09-23T13:41:48.883059Z  INFO herdr::logging: checking for updates event="update.check.start" subsystem="update" outcome="started"
2026-09-23T14:11:48.884366Z  INFO herdr::logging: checking for updates event="update.check.start" subsystem="update" outcome="started"
2026-09-23T14:26:22.368409Z  INFO herdr::logging: tab focused event="tab.focus" subsystem="tab" outcome="ok" workspace_id="w2" tab_id="w2:t1"
2026-09-23T14:26:22.368623Z  INFO herdr::logging: tab focused event="tab.focus" subsystem="tab" outcome="ok" workspace_id="w2" tab_id="w2:t1"
2026-09-23T14:26:27.371757Z  INFO herdr::logging: session saved event="persist.save" subsystem="persist" outcome="ok" path=/home/liam/.config/herdr/session.json workspaces=2
2026-09-23T14:41:48.885738Z  INFO herdr::logging: checking for updates event="update.check.start" subsystem="update" outcome="started"
2026-09-23T15:05:02.782824Z  INFO herdr::pane: agent changed pane=1 previous_agent=None agent=Some(Claude) process=claude pgid=Some(1031837)
2026-09-23T15:05:06.400437Z  INFO herdr::pane: agent changed pane=1 previous_agent=Some(Claude) agent=None pgid=Some(5932)
2026-09-23T15:05:07.911669Z  INFO herdr::pane: agent changed pane=1 previous_agent=None agent=Some(Codex) process=codex pgid=Some(1032232)
2026-09-23T15:11:48.887393Z  INFO herdr::logging: checking for updates event="update.check.start" subsystem="update" outcome="started"
2026-09-23T15:24:34.227710Z  INFO herdr::pane: agent changed pane=1 previous_agent=Some(Codex) agent=None pgid=Some(5932)
2026-09-23T15:32:13.516028Z  INFO herdr::logging: tab focused event="tab.focus" subsystem="tab" outcome="ok" workspace_id="w2" tab_id="w2:t2"
2026-09-23T15:32:13.516169Z  INFO herdr::logging: tab focused event="tab.focus" subsystem="tab" outcome="ok" workspace_id="w2" tab_id="w2:t2"
2026-09-23T15:32:18.519071Z  INFO herdr::logging: session saved event="persist.save" subsystem="persist" outcome="ok" path=/home/liam/.config/herdr/session.json workspaces=2
2026-09-23T15:32:53.002722Z  INFO herdr::logging: tab focused event="tab.focus" subsystem="tab" outcome="ok" workspace_id="w2" tab_id="w2:t3"
2026-09-23T15:32:53.002933Z  INFO herdr::logging: tab focused event="tab.focus" subsystem="tab" outcome="ok" workspace_id="w2" tab_id="w2:t3"
2026-09-23T15:32:56.150679Z  INFO herdr::logging: tab focused event="tab.focus" subsystem="tab" outcome="ok" workspace_id="w2" tab_id="w2:t1"
2026-09-23T15:32:56.150780Z  INFO herdr::logging: tab focused event="tab.focus" subsystem="tab" outcome="ok" workspace_id="w2" tab_id="w2:t1"
2026-09-23T15:33:01.153017Z  INFO herdr::logging: session saved event="persist.save" subsystem="persist" outcome="ok" path=/home/liam/.config/herdr/session.json workspaces=2
2026-09-23T15:33:13.809420Z  INFO herdr::logging: tab focused event="tab.focus" subsystem="tab" outcome="ok" workspace_id="w2" tab_id="w2:t2"
2026-09-23T15:33:13.809532Z  INFO herdr::logging: tab focused event="tab.focus" subsystem="tab" outcome="ok" workspace_id="w2" tab_id="w2:t2"
2026-09-23T15:33:18.812130Z  INFO herdr::logging: session saved event="persist.save" subsystem="persist" outcome="ok" path=/home/liam/.config/herdr/session.json workspaces=2
2026-09-23T15:41:48.888143Z  INFO herdr::logging: checking for updates event="update.check.start" subsystem="update" outcome="started"
2026-09-23T15:46:58.251236Z  INFO herdr::pane: agent changed pane=2 previous_agent=None agent=Some(Codex) process=codex pgid=Some(1275827)
2026-09-23T15:59:39.259932Z  INFO herdr::pane: agent changed pane=2 previous_agent=Some(Codex) agent=None pgid=Some(5935)
2026-09-23T15:59:42.283671Z  INFO herdr::pane: agent changed pane=2 previous_agent=None agent=Some(Claude) process=claude pgid=Some(1360720)
2026-09-23T16:01:56.450887Z  INFO herdr::pane: agent changed pane=2 previous_agent=Some(Claude) agent=None pgid=Some(5935)
2026-09-23T16:02:04.515881Z  INFO herdr::pane: agent changed pane=2 previous_agent=None agent=Some(Claude) process=claude pgid=Some(1380445)
2026-09-23T16:02:17.039594Z  INFO herdr::logging: tab focused event="tab.focus" subsystem="tab" outcome="ok" workspace_id="w2" tab_id="w2:t1"
2026-09-23T16:02:17.039792Z  INFO herdr::logging: tab focused event="tab.focus" subsystem="tab" outcome="ok" workspace_id="w2" tab_id="w2:t1"
2026-09-23T16:02:22.042726Z  INFO herdr::logging: session saved event="persist.save" subsystem="persist" outcome="ok" path=/home/liam/.config/herdr/session.json workspaces=2
2026-09-23T16:02:44.259681Z  INFO herdr::logging: tab focused event="tab.focus" subsystem="tab" outcome="ok" workspace_id="w2" tab_id="w2:t2"
2026-09-23T16:02:44.259813Z  INFO herdr::logging: tab focused event="tab.focus" subsystem="tab" outcome="ok" workspace_id="w2" tab_id="w2:t2"
2026-09-23T16:02:49.263176Z  INFO herdr::logging: session saved event="persist.save" subsystem="persist" outcome="ok" path=/home/liam/.config/herdr/session.json workspaces=2
2026-09-23T16:03:00.705759Z  INFO herdr::pane: agent changed pane=2 previous_agent=Some(Claude) agent=None pgid=Some(5935)
2026-09-23T16:03:38.047528Z  INFO herdr::logging: tab focused event="tab.focus" subsystem="tab" outcome="ok" workspace_id="w2" tab_id="w2:t1"
2026-09-23T16:03:38.047629Z  INFO herdr::logging: tab focused event="tab.focus" subsystem="tab" outcome="ok" workspace_id="w2" tab_id="w2:t1"
2026-09-23T16:03:43.050868Z  INFO herdr::logging: session saved event="persist.save" subsystem="persist" outcome="ok" path=/home/liam/.config/herdr/session.json workspaces=2
2026-09-23T16:04:40.228467Z  INFO herdr::logging: tab focused event="tab.focus" subsystem="tab" outcome="ok" workspace_id="w2" tab_id="w2:t1"
2026-09-23T16:04:41.256932Z  INFO herdr::logging: tab focused event="tab.focus" subsystem="tab" outcome="ok" workspace_id="w2" tab_id="w2:t2"
2026-09-23T16:04:41.257038Z  INFO herdr::logging: tab focused event="tab.focus" subsystem="tab" outcome="ok" workspace_id="w2" tab_id="w2:t2"
2026-09-23T16:04:43.911369Z  INFO herdr::pane: agent changed pane=2 previous_agent=None agent=Some(Claude) process=claude pgid=Some(1402075)
2026-09-23T16:04:46.260495Z  INFO herdr::logging: session saved event="persist.save" subsystem="persist" outcome="ok" path=/home/liam/.config/herdr/session.json workspaces=2
2026-09-23T16:05:27.695396Z  INFO herdr::pane: agent changed pane=2 previous_agent=Some(Claude) agent=None pgid=Some(5935)
2026-09-23T16:08:04.907083Z  INFO herdr::pane: agent changed pane=2 previous_agent=None agent=Some(Claude) process=claude pgid=Some(1435193)
2026-09-23T16:11:01.953192Z  INFO herdr::pane: agent changed pane=2 previous_agent=Some(Claude) agent=None pgid=Some(5935)
2026-09-23T16:11:09.445962Z  INFO herdr::logging: tab focused event="tab.focus" subsystem="tab" outcome="ok" workspace_id="w2" tab_id="w2:t1"
2026-09-23T16:11:09.446090Z  INFO herdr::logging: tab focused event="tab.focus" subsystem="tab" outcome="ok" workspace_id="w2" tab_id="w2:t1"
2026-09-23T16:11:14.449510Z  INFO herdr::logging: session saved event="persist.save" subsystem="persist" outcome="ok" path=/home/liam/.config/herdr/session.json workspaces=2
2026-09-23T16:11:31.727098Z  INFO herdr::logging: tab focused event="tab.focus" subsystem="tab" outcome="ok" workspace_id="w2" tab_id="w2:t2"
2026-09-23T16:11:31.727265Z  INFO herdr::logging: tab focused event="tab.focus" subsystem="tab" outcome="ok" workspace_id="w2" tab_id="w2:t2"
2026-09-23T16:11:33.710288Z  INFO herdr::pane: agent changed pane=2 previous_agent=None agent=Some(Claude) process=claude pgid=Some(1461423)
2026-09-23T16:11:36.731052Z  INFO herdr::logging: session saved event="persist.save" subsystem="persist" outcome="ok" path=/home/liam/.config/herdr/session.json workspaces=2
2026-09-23T16:11:41.290055Z  INFO herdr::pane: agent changed pane=2 previous_agent=Some(Claude) agent=None pgid=Some(5935)
2026-09-23T16:11:42.298143Z  INFO herdr::pane: agent changed pane=2 previous_agent=None agent=Some(Claude) process=claude pgid=Some(1462529)
2026-09-23T16:11:48.888892Z  INFO herdr::logging: checking for updates event="update.check.start" subsystem="update" outcome="started"
2026-09-23T16:11:49.055088Z  INFO herdr::logging: tab focused event="tab.focus" subsystem="tab" outcome="ok" workspace_id="w2" tab_id="w2:t1"
2026-09-23T16:11:49.057213Z  INFO herdr::logging: tab focused event="tab.focus" subsystem="tab" outcome="ok" workspace_id="w2" tab_id="w2:t1"
2026-09-23T16:11:54.061500Z  INFO herdr::logging: session saved event="persist.save" subsystem="persist" outcome="ok" path=/home/liam/.config/herdr/session.json workspaces=2
2026-09-23T16:12:02.286436Z  INFO herdr::logging: tab focused event="tab.focus" subsystem="tab" outcome="ok" workspace_id="w2" tab_id="w2:t2"
2026-09-23T16:12:02.286565Z  INFO herdr::logging: tab focused event="tab.focus" subsystem="tab" outcome="ok" workspace_id="w2" tab_id="w2:t2"
2026-09-23T16:12:07.292736Z  INFO herdr::logging: session saved event="persist.save" subsystem="persist" outcome="ok" path=/home/liam/.config/herdr/session.json workspaces=2
2026-09-23T16:41:48.890103Z  INFO herdr::logging: checking for updates event="update.check.start" subsystem="update" outcome="started"
2026-09-23T17:03:09.743033Z  INFO herdr::pane: agent changed pane=2 previous_agent=Some(Claude) agent=None pgid=Some(5935)
2026-09-23T17:05:35.368748Z  INFO herdr::pane: agent changed pane=2 previous_agent=None agent=Some(Codex) process=codex pgid=Some(1685710)
2026-09-23T17:05:49.591868Z  INFO herdr::pane: agent changed pane=2 previous_agent=Some(Codex) agent=None pgid=Some(5935)
2026-09-23T17:06:20.292209Z  INFO herdr::pane: agent changed pane=2 previous_agent=None agent=Some(Codex) process=codex pgid=Some(1691295)
2026-09-23T17:06:30.594224Z  INFO herdr::pane: agent changed pane=2 previous_agent=Some(Codex) agent=None pgid=Some(5935)
2026-09-23T17:06:55.278979Z  INFO herdr::pane: agent changed pane=2 previous_agent=None agent=Some(Claude) process=claude pgid=Some(1695992)
2026-09-23T17:07:06.784189Z  INFO herdr::pane: agent changed pane=2 previous_agent=Some(Claude) agent=None pgid=Some(5935)
2026-09-23T17:07:07.792885Z  INFO herdr::pane: agent changed pane=2 previous_agent=None agent=Some(Codex) process=codex pgid=Some(1697694)
2026-09-23T17:07:11.415258Z  INFO herdr::pane: agent changed pane=2 previous_agent=Some(Codex) agent=None pgid=Some(5935)
2026-09-23T17:07:11.920876Z  INFO herdr::pane: agent changed pane=2 previous_agent=None agent=Some(Codex) process=codex pgid=Some(1698340)
2026-09-23T17:07:21.305915Z  INFO herdr::pane: agent changed pane=2 previous_agent=Some(Codex) agent=None pgid=Some(5935)
2026-09-23T17:07:24.836260Z  INFO herdr::pane: agent changed pane=2 previous_agent=None agent=Some(Codex) process=codex pgid=Some(1700625)
2026-09-23T17:07:45.940482Z  INFO herdr::pane: agent changed pane=2 previous_agent=Some(Codex) agent=None pgid=Some(5935)
2026-09-23T17:07:49.973615Z  INFO herdr::pane: agent changed pane=2 previous_agent=None agent=Some(Codex) process=codex pgid=Some(1704116)
2026-09-23T17:08:13.521061Z  INFO herdr::logging: tab focused event="tab.focus" subsystem="tab" outcome="ok" workspace_id="w2" tab_id="w2:t1"
2026-09-23T17:08:13.521232Z  INFO herdr::logging: tab focused event="tab.focus" subsystem="tab" outcome="ok" workspace_id="w2" tab_id="w2:t1"
2026-09-23T17:08:18.525396Z  INFO herdr::logging: session saved event="persist.save" subsystem="persist" outcome="ok" path=/home/liam/.config/herdr/session.json workspaces=2
2026-09-23T17:14:23.615509Z  INFO herdr::logging: tab focused event="tab.focus" subsystem="tab" outcome="ok" workspace_id="w2" tab_id="w2:t2"
2026-09-23T17:14:23.615785Z  INFO herdr::logging: tab focused event="tab.focus" subsystem="tab" outcome="ok" workspace_id="w2" tab_id="w2:t2"
2026-09-23T17:14:26.024029Z  INFO herdr::pane: agent changed pane=2 previous_agent=Some(Codex) agent=None pgid=Some(5935)
2026-09-23T17:14:28.618496Z  INFO herdr::logging: session saved event="persist.save" subsystem="persist" outcome="ok" path=/home/liam/.config/herdr/session.json workspaces=2
2026-09-23T17:15:25.951354Z  INFO herdr::logging: tab focused event="tab.focus" subsystem="tab" outcome="ok" workspace_id="w2" tab_id="w2:t1"
2026-09-23T17:15:25.951531Z  INFO herdr::logging: tab focused event="tab.focus" subsystem="tab" outcome="ok" workspace_id="w2" tab_id="w2:t1"
2026-09-23T17:15:30.955652Z  INFO herdr::logging: session saved event="persist.save" subsystem="persist" outcome="ok" path=/home/liam/.config/herdr/session.json workspaces=2
2026-09-23T17:15:40.800985Z  INFO herdr::logging: tab focused event="tab.focus" subsystem="tab" outcome="ok" workspace_id="w2" tab_id="w2:t2"
2026-09-23T17:15:40.801098Z  INFO herdr::logging: tab focused event="tab.focus" subsystem="tab" outcome="ok" workspace_id="w2" tab_id="w2:t2"
2026-09-23T17:15:45.803393Z  INFO herdr::logging: session saved event="persist.save" subsystem="persist" outcome="ok" path=/home/liam/.config/herdr/session.json workspaces=2
2026-09-23T17:15:50.164183Z  INFO herdr::logging: tab focused event="tab.focus" subsystem="tab" outcome="ok" workspace_id="w2" tab_id="w2:t1"
2026-09-23T17:15:50.164483Z  INFO herdr::logging: tab focused event="tab.focus" subsystem="tab" outcome="ok" workspace_id="w2" tab_id="w2:t1"
2026-09-23T17:15:53.921953Z  INFO herdr::logging: tab focused event="tab.focus" subsystem="tab" outcome="ok" workspace_id="w2" tab_id="w2:t2"
2026-09-23T17:15:53.922079Z  INFO herdr::logging: tab focused event="tab.focus" subsystem="tab" outcome="ok" workspace_id="w2" tab_id="w2:t2"
2026-09-23T17:15:58.924373Z  INFO herdr::logging: session saved event="persist.save" subsystem="persist" outcome="ok" path=/home/liam/.config/herdr/session.json workspaces=2
2026-09-23T17:16:18.094799Z  INFO herdr::logging: tab focused event="tab.focus" subsystem="tab" outcome="ok" workspace_id="w2" tab_id="w2:t1"
2026-09-23T17:16:18.094897Z  INFO herdr::logging: tab focused event="tab.focus" subsystem="tab" outcome="ok" workspace_id="w2" tab_id="w2:t1"
2026-09-23T17:16:23.097874Z  INFO herdr::logging: session saved event="persist.save" subsystem="persist" outcome="ok" path=/home/liam/.config/herdr/session.json workspaces=2
2026-09-23T17:16:41.683409Z  INFO herdr::logging: tab focused event="tab.focus" subsystem="tab" outcome="ok" workspace_id="w2" tab_id="w2:t2"
2026-09-23T17:16:41.683523Z  INFO herdr::logging: tab focused event="tab.focus" subsystem="tab" outcome="ok" workspace_id="w2" tab_id="w2:t2"
2026-09-23T17:16:46.686113Z  INFO herdr::logging: session saved event="persist.save" subsystem="persist" outcome="ok" path=/home/liam/.config/herdr/session.json workspaces=2
2026-09-23T17:17:34.892011Z  INFO herdr::logging: tab focused event="tab.focus" subsystem="tab" outcome="ok" workspace_id="w2" tab_id="w2:t1"
2026-09-23T17:17:34.892177Z  INFO herdr::logging: tab focused event="tab.focus" subsystem="tab" outcome="ok" workspace_id="w2" tab_id="w2:t1"
2026-09-23T17:17:39.894627Z  INFO herdr::logging: session saved event="persist.save" subsystem="persist" outcome="ok" path=/home/liam/.config/herdr/session.json workspaces=2
2026-09-23T17:18:04.154971Z  INFO herdr::logging: tab focused event="tab.focus" subsystem="tab" outcome="ok" workspace_id="w2" tab_id="w2:t2"
2026-09-23T17:18:04.155116Z  INFO herdr::logging: tab focused event="tab.focus" subsystem="tab" outcome="ok" workspace_id="w2" tab_id="w2:t2"
2026-09-23T17:18:09.156968Z  INFO herdr::logging: session saved event="persist.save" subsystem="persist" outcome="ok" path=/home/liam/.config/herdr/session.json workspaces=2
2026-09-23T17:18:28.628212Z  INFO herdr::logging: tab focused event="tab.focus" subsystem="tab" outcome="ok" workspace_id="w2" tab_id="w2:t1"
2026-09-23T17:18:28.628319Z  INFO herdr::logging: tab focused event="tab.focus" subsystem="tab" outcome="ok" workspace_id="w2" tab_id="w2:t1"
2026-09-23T17:18:33.632066Z  INFO herdr::logging: session saved event="persist.save" subsystem="persist" outcome="ok" path=/home/liam/.config/herdr/session.json workspaces=2
2026-09-23T17:19:07.472622Z  INFO herdr::logging: tab focused event="tab.focus" subsystem="tab" outcome="ok" workspace_id="w2" tab_id="w2:t2"
2026-09-23T17:19:07.472723Z  INFO herdr::logging: tab focused event="tab.focus" subsystem="tab" outcome="ok" workspace_id="w2" tab_id="w2:t2"
2026-09-23T17:19:10.568954Z  INFO herdr::logging: tab focused event="tab.focus" subsystem="tab" outcome="ok" workspace_id="w2" tab_id="w2:t1"
2026-09-23T17:19:10.569110Z  INFO herdr::logging: tab focused event="tab.focus" subsystem="tab" outcome="ok" workspace_id="w2" tab_id="w2:t1"
2026-09-23T17:19:15.571587Z  INFO herdr::logging: session saved event="persist.save" subsystem="persist" outcome="ok" path=/home/liam/.config/herdr/session.json workspaces=2
2026-09-23T17:22:30.005536Z  INFO herdr::pane: agent changed pane=1 previous_agent=None agent=Some(Claude) process=claude pgid=Some(1816811)
2026-09-23T17:23:11.423987Z  INFO herdr::logging: tab focused event="tab.focus" subsystem="tab" outcome="ok" workspace_id="w2" tab_id="w2:t2"
2026-09-23T17:23:11.424557Z  INFO herdr::logging: tab focused event="tab.focus" subsystem="tab" outcome="ok" workspace_id="w2" tab_id="w2:t2"
2026-09-23T17:23:16.427390Z  INFO herdr::logging: session saved event="persist.save" subsystem="persist" outcome="ok" path=/home/liam/.config/herdr/session.json workspaces=2
2026-09-23T17:25:10.838378Z  INFO herdr::logging: tab focused event="tab.focus" subsystem="tab" outcome="ok" workspace_id="w2" tab_id="w2:t1"
2026-09-23T17:25:10.838501Z  INFO herdr::logging: tab focused event="tab.focus" subsystem="tab" outcome="ok" workspace_id="w2" tab_id="w2:t1"
2026-09-23T17:25:15.842542Z  INFO herdr::logging: session saved event="persist.save" subsystem="persist" outcome="ok" path=/home/liam/.config/herdr/session.json workspaces=2
2026-09-23T17:25:39.954624Z  INFO herdr::logging: tab focused event="tab.focus" subsystem="tab" outcome="ok" workspace_id="w2" tab_id="w2:t2"
2026-09-23T17:25:39.954815Z  INFO herdr::logging: tab focused event="tab.focus" subsystem="tab" outcome="ok" workspace_id="w2" tab_id="w2:t2"
2026-09-23T17:25:44.957922Z  INFO herdr::logging: session saved event="persist.save" subsystem="persist" outcome="ok" path=/home/liam/.config/herdr/session.json workspaces=2
2026-09-23T17:26:06.106691Z  INFO herdr::logging: tab focused event="tab.focus" subsystem="tab" outcome="ok" workspace_id="w2" tab_id="w2:t1"
2026-09-23T17:26:06.106797Z  INFO herdr::logging: tab focused event="tab.focus" subsystem="tab" outcome="ok" workspace_id="w2" tab_id="w2:t1"
2026-09-23T17:26:11.110224Z  INFO herdr::logging: session saved event="persist.save" subsystem="persist" outcome="ok" path=/home/liam/.config/herdr/session.json workspaces=2
2026-09-23T17:26:12.729519Z  INFO herdr::logging: tab focused event="tab.focus" subsystem="tab" outcome="ok" workspace_id="w2" tab_id="w2:t2"
2026-09-23T17:26:12.730523Z  INFO herdr::logging: tab focused event="tab.focus" subsystem="tab" outcome="ok" workspace_id="w2" tab_id="w2:t2"
2026-09-23T17:26:17.735986Z  INFO herdr::logging: session saved event="persist.save" subsystem="persist" outcome="ok" path=/home/liam/.config/herdr/session.json workspaces=2
2026-09-23T17:26:18.585494Z  INFO herdr::logging: tab focused event="tab.focus" subsystem="tab" outcome="ok" workspace_id="w2" tab_id="w2:t1"
2026-09-23T17:26:18.585598Z  INFO herdr::logging: tab focused event="tab.focus" subsystem="tab" outcome="ok" workspace_id="w2" tab_id="w2:t1"
2026-09-23T17:26:21.241259Z  INFO herdr::logging: tab focused event="tab.focus" subsystem="tab" outcome="ok" workspace_id="w2" tab_id="w2:t2"
2026-09-23T17:26:21.241440Z  INFO herdr::logging: tab focused event="tab.focus" subsystem="tab" outcome="ok" workspace_id="w2" tab_id="w2:t2"
2026-09-23T17:26:26.245589Z  INFO herdr::logging: session saved event="persist.save" subsystem="persist" outcome="ok" path=/home/liam/.config/herdr/session.json workspaces=2
2026-09-23T17:26:40.668281Z  INFO herdr::logging: tab focused event="tab.focus" subsystem="tab" outcome="ok" workspace_id="w2" tab_id="w2:t1"
2026-09-23T17:26:40.668479Z  INFO herdr::logging: tab focused event="tab.focus" subsystem="tab" outcome="ok" workspace_id="w2" tab_id="w2:t1"
2026-09-23T17:26:43.331848Z  INFO herdr::logging: tab focused event="tab.focus" subsystem="tab" outcome="ok" workspace_id="w2" tab_id="w2:t2"
2026-09-23T17:26:43.331967Z  INFO herdr::logging: tab focused event="tab.focus" subsystem="tab" outcome="ok" workspace_id="w2" tab_id="w2:t2"
2026-09-23T17:26:47.217368Z  INFO herdr::logging: tab focused event="tab.focus" subsystem="tab" outcome="ok" workspace_id="w2" tab_id="w2:t1"
2026-09-23T17:26:47.217485Z  INFO herdr::logging: tab focused event="tab.focus" subsystem="tab" outcome="ok" workspace_id="w2" tab_id="w2:t1"
2026-09-23T17:26:52.220661Z  INFO herdr::logging: session saved event="persist.save" subsystem="persist" outcome="ok" path=/home/liam/.config/herdr/session.json workspaces=2
2026-09-23T17:27:00.340185Z  INFO herdr::logging: tab focused event="tab.focus" subsystem="tab" outcome="ok" workspace_id="w2" tab_id="w2:t2"
2026-09-23T17:27:00.340314Z  INFO herdr::logging: tab focused event="tab.focus" subsystem="tab" outcome="ok" workspace_id="w2" tab_id="w2:t2"
2026-09-23T17:27:05.342693Z  INFO herdr::logging: session saved event="persist.save" subsystem="persist" outcome="ok" path=/home/liam/.config/herdr/session.json workspaces=2
2026-09-23T17:27:32.454101Z  INFO herdr::logging: tab focused event="tab.focus" subsystem="tab" outcome="ok" workspace_id="w2" tab_id="w2:t1"
2026-09-23T17:27:32.454205Z  INFO herdr::logging: tab focused event="tab.focus" subsystem="tab" outcome="ok" workspace_id="w2" tab_id="w2:t1"
2026-09-23T17:27:37.457280Z  INFO herdr::logging: session saved event="persist.save" subsystem="persist" outcome="ok" path=/home/liam/.config/herdr/session.json workspaces=2
2026-09-23T17:28:05.241963Z  INFO herdr::logging: tab focused event="tab.focus" subsystem="tab" outcome="ok" workspace_id="w2" tab_id="w2:t2"
2026-09-23T17:28:05.242113Z  INFO herdr::logging: tab focused event="tab.focus" subsystem="tab" outcome="ok" workspace_id="w2" tab_id="w2:t2"
2026-09-23T17:28:10.245462Z  INFO herdr::logging: session saved event="persist.save" subsystem="persist" outcome="ok" path=/home/liam/.config/herdr/session.json workspaces=2
2026-09-23T17:28:30.189744Z  INFO herdr::logging: tab focused event="tab.focus" subsystem="tab" outcome="ok" workspace_id="w2" tab_id="w2:t1"
2026-09-23T17:28:30.189870Z  INFO herdr::logging: tab focused event="tab.focus" subsystem="tab" outcome="ok" workspace_id="w2" tab_id="w2:t1"
2026-09-23T17:28:35.191922Z  INFO herdr::logging: session saved event="persist.save" subsystem="persist" outcome="ok" path=/home/liam/.config/herdr/session.json workspaces=2
2026-09-23T17:31:01.066929Z  INFO herdr::pane: agent changed pane=1 previous_agent=Some(Claude) agent=None pgid=Some(5932)
2026-09-23T17:31:05.963790Z  INFO herdr::logging: checking for updates event="update.check.start" subsystem="update" outcome="started"
2026-09-23T17:32:00.968008Z  INFO herdr::pane: agent changed pane=1 previous_agent=None agent=Some(Claude) process=claude pgid=Some(1889883)
2026-09-23T17:32:41.983972Z  INFO herdr::logging: tab focused event="tab.focus" subsystem="tab" outcome="ok" workspace_id="w2" tab_id="w2:t2"
2026-09-23T17:32:41.984095Z  INFO herdr::logging: tab focused event="tab.focus" subsystem="tab" outcome="ok" workspace_id="w2" tab_id="w2:t2"
2026-09-23T17:32:46.986640Z  INFO herdr::logging: session saved event="persist.save" subsystem="persist" outcome="ok" path=/home/liam/.config/herdr/session.json workspaces=2
2026-09-23T17:33:08.412674Z  INFO herdr::logging: tab focused event="tab.focus" subsystem="tab" outcome="ok" workspace_id="w2" tab_id="w2:t1"
2026-09-23T17:33:08.412810Z  INFO herdr::logging: tab focused event="tab.focus" subsystem="tab" outcome="ok" workspace_id="w2" tab_id="w2:t1"
2026-09-23T17:33:13.415648Z  INFO herdr::logging: session saved event="persist.save" subsystem="persist" outcome="ok" path=/home/liam/.config/herdr/session.json workspaces=2
2026-09-23T17:34:43.796105Z  INFO herdr::logging: tab focused event="tab.focus" subsystem="tab" outcome="ok" workspace_id="w2" tab_id="w2:t2"
2026-09-23T17:34:43.796205Z  INFO herdr::logging: tab focused event="tab.focus" subsystem="tab" outcome="ok" workspace_id="w2" tab_id="w2:t2"
2026-09-23T17:34:48.799037Z  INFO herdr::logging: session saved event="persist.save" subsystem="persist" outcome="ok" path=/home/liam/.config/herdr/session.json workspaces=2
2026-09-23T17:35:48.878415Z  INFO herdr::logging: tab focused event="tab.focus" subsystem="tab" outcome="ok" workspace_id="w2" tab_id="w2:t1"
2026-09-23T17:35:48.878667Z  INFO herdr::logging: tab focused event="tab.focus" subsystem="tab" outcome="ok" workspace_id="w2" tab_id="w2:t1"
2026-09-23T17:35:53.881880Z  INFO herdr::logging: session saved event="persist.save" subsystem="persist" outcome="ok" path=/home/liam/.config/herdr/session.json workspaces=2
2026-09-23T17:37:58.568769Z  INFO herdr::logging: tab focused event="tab.focus" subsystem="tab" outcome="ok" workspace_id="w2" tab_id="w2:t2"
2026-09-23T17:37:58.568922Z  INFO herdr::logging: tab focused event="tab.focus" subsystem="tab" outcome="ok" workspace_id="w2" tab_id="w2:t2"
2026-09-23T17:38:03.571210Z  INFO herdr::logging: session saved event="persist.save" subsystem="persist" outcome="ok" path=/home/liam/.config/herdr/session.json workspaces=2
2026-09-23T17:38:18.941784Z  INFO herdr::logging: tab focused event="tab.focus" subsystem="tab" outcome="ok" workspace_id="w2" tab_id="w2:t3"
2026-09-23T17:38:18.941943Z  INFO herdr::logging: tab focused event="tab.focus" subsystem="tab" outcome="ok" workspace_id="w2" tab_id="w2:t3"
2026-09-23T17:38:20.985657Z  INFO herdr::logging: tab focused event="tab.focus" subsystem="tab" outcome="ok" workspace_id="w2" tab_id="w2:t2"
2026-09-23T17:38:20.985788Z  INFO herdr::logging: tab focused event="tab.focus" subsystem="tab" outcome="ok" workspace_id="w2" tab_id="w2:t2"
2026-09-23T17:38:23.162724Z  INFO herdr::logging: tab focused event="tab.focus" subsystem="tab" outcome="ok" workspace_id="w2" tab_id="w2:t3"
2026-09-23T17:38:23.162854Z  INFO herdr::logging: tab focused event="tab.focus" subsystem="tab" outcome="ok" workspace_id="w2" tab_id="w2:t3"
2026-09-23T17:38:28.165262Z  INFO herdr::logging: session saved event="persist.save" subsystem="persist" outcome="ok" path=/home/liam/.config/herdr/session.json workspaces=2
2026-09-23T17:39:15.156353Z  INFO herdr::logging: tab focused event="tab.focus" subsystem="tab" outcome="ok" workspace_id="w2" tab_id="w2:t2"
2026-09-23T17:39:15.156451Z  INFO herdr::logging: tab focused event="tab.focus" subsystem="tab" outcome="ok" workspace_id="w2" tab_id="w2:t2"
2026-09-23T17:39:18.142703Z  INFO herdr::logging: tab focused event="tab.focus" subsystem="tab" outcome="ok" workspace_id="w2" tab_id="w2:t3"
2026-09-23T17:39:18.142853Z  INFO herdr::logging: tab focused event="tab.focus" subsystem="tab" outcome="ok" workspace_id="w2" tab_id="w2:t3"
2026-09-23T17:39:23.145517Z  INFO herdr::logging: session saved event="persist.save" subsystem="persist" outcome="ok" path=/home/liam/.config/herdr/session.json workspaces=2
2026-09-23T17:40:16.261368Z  INFO herdr::logging: tab focused event="tab.focus" subsystem="tab" outcome="ok" workspace_id="w2" tab_id="w2:t1"
2026-09-23T17:40:16.261480Z  INFO herdr::logging: tab focused event="tab.focus" subsystem="tab" outcome="ok" workspace_id="w2" tab_id="w2:t1"
2026-09-23T17:40:21.263935Z  INFO herdr::logging: session saved event="persist.save" subsystem="persist" outcome="ok" path=/home/liam/.config/herdr/session.json workspaces=2
2026-09-23T17:40:41.233172Z  INFO herdr::logging: tab focused event="tab.focus" subsystem="tab" outcome="ok" workspace_id="w2" tab_id="w2:t3"
2026-09-23T17:40:41.233300Z  INFO herdr::logging: tab focused event="tab.focus" subsystem="tab" outcome="ok" workspace_id="w2" tab_id="w2:t3"
2026-09-23T17:40:46.236122Z  INFO herdr::logging: session saved event="persist.save" subsystem="persist" outcome="ok" path=/home/liam/.config/herdr/session.json workspaces=2
2026-09-23T17:41:10.089984Z  INFO herdr::logging: tab focused event="tab.focus" subsystem="tab" outcome="ok" workspace_id="w2" tab_id="w2:t1"
2026-09-23T17:41:10.090192Z  INFO herdr::logging: tab focused event="tab.focus" subsystem="tab" outcome="ok" workspace_id="w2" tab_id="w2:t1"
2026-09-23T17:41:15.093555Z  INFO herdr::logging: session saved event="persist.save" subsystem="persist" outcome="ok" path=/home/liam/.config/herdr/session.json workspaces=2
2026-09-23T17:41:16.637323Z  INFO herdr::logging: tab focused event="tab.focus" subsystem="tab" outcome="ok" workspace_id="w2" tab_id="w2:t3"
2026-09-23T17:41:16.637481Z  INFO herdr::logging: tab focused event="tab.focus" subsystem="tab" outcome="ok" workspace_id="w2" tab_id="w2:t3"
2026-09-23T17:41:17.909726Z  INFO herdr::logging: tab focused event="tab.focus" subsystem="tab" outcome="ok" workspace_id="w2" tab_id="w2:t2"
2026-09-23T17:41:17.909875Z  INFO herdr::logging: tab focused event="tab.focus" subsystem="tab" outcome="ok" workspace_id="w2" tab_id="w2:t2"
2026-09-23T17:41:19.331143Z  INFO herdr::logging: tab focused event="tab.focus" subsystem="tab" outcome="ok" workspace_id="w2" tab_id="w2:t1"
2026-09-23T17:41:19.331287Z  INFO herdr::logging: tab focused event="tab.focus" subsystem="tab" outcome="ok" workspace_id="w2" tab_id="w2:t1"
2026-09-23T17:41:24.334219Z  INFO herdr::logging: session saved event="persist.save" subsystem="persist" outcome="ok" path=/home/liam/.config/herdr/session.json workspaces=2
2026-09-23T17:41:25.974865Z  INFO herdr::logging: tab focused event="tab.focus" subsystem="tab" outcome="ok" workspace_id="w2" tab_id="w2:t3"
2026-09-23T17:41:25.975002Z  INFO herdr::logging: tab focused event="tab.focus" subsystem="tab" outcome="ok" workspace_id="w2" tab_id="w2:t3"
2026-09-23T17:41:30.978882Z  INFO herdr::logging: session saved event="persist.save" subsystem="persist" outcome="ok" path=/home/liam/.config/herdr/session.json workspaces=2
2026-09-23T17:41:44.666507Z  INFO herdr::logging: tab focused event="tab.focus" subsystem="tab" outcome="ok" workspace_id="w2" tab_id="w2:t2"
2026-09-23T17:41:44.666657Z  INFO herdr::logging: tab focused event="tab.focus" subsystem="tab" outcome="ok" workspace_id="w2" tab_id="w2:t2"
2026-09-23T17:41:45.833922Z  INFO herdr::logging: tab focused event="tab.focus" subsystem="tab" outcome="ok" workspace_id="w2" tab_id="w2:t1"
2026-09-23T17:41:45.834072Z  INFO herdr::logging: tab focused event="tab.focus" subsystem="tab" outcome="ok" workspace_id="w2" tab_id="w2:t1"
2026-09-23T17:41:50.837367Z  INFO herdr::logging: session saved event="persist.save" subsystem="persist" outcome="ok" path=/home/liam/.config/herdr/session.json workspaces=2
2026-09-23T17:42:01.761122Z  INFO herdr::logging: tab focused event="tab.focus" subsystem="tab" outcome="ok" workspace_id="w2" tab_id="w2:t3"
2026-09-23T17:42:01.761326Z  INFO herdr::logging: tab focused event="tab.focus" subsystem="tab" outcome="ok" workspace_id="w2" tab_id="w2:t3"
2026-09-23T17:42:06.764734Z  INFO herdr::logging: session saved event="persist.save" subsystem="persist" outcome="ok" path=/home/liam/.config/herdr/session.json workspaces=2
2026-09-23T17:44:10.201280Z  INFO herdr::logging: tab focused event="tab.focus" subsystem="tab" outcome="ok" workspace_id="w2" tab_id="w2:t1"
2026-09-23T17:44:10.201404Z  INFO herdr::logging: tab focused event="tab.focus" subsystem="tab" outcome="ok" workspace_id="w2" tab_id="w2:t1"
2026-09-23T17:44:15.204818Z  INFO herdr::logging: session saved event="persist.save" subsystem="persist" outcome="ok" path=/home/liam/.config/herdr/session.json workspaces=2
2026-09-23T18:01:06.533899Z  INFO herdr::logging: checking for updates event="update.check.start" subsystem="update" outcome="started"
2026-09-23T18:24:39.429113Z  INFO herdr::logging: tab focused event="tab.focus" subsystem="tab" outcome="ok" workspace_id="w2" tab_id="w2:t2"
2026-09-23T18:24:39.429244Z  INFO herdr::logging: tab focused event="tab.focus" subsystem="tab" outcome="ok" workspace_id="w2" tab_id="w2:t2"
2026-09-23T18:24:44.432031Z  INFO herdr::logging: session saved event="persist.save" subsystem="persist" outcome="ok" path=/home/liam/.config/herdr/session.json workspaces=2
2026-09-23T18:27:20.297922Z  INFO herdr::logging: tab focused event="tab.focus" subsystem="tab" outcome="ok" workspace_id="w2" tab_id="w2:t1"
2026-09-23T18:27:20.298157Z  INFO herdr::logging: tab focused event="tab.focus" subsystem="tab" outcome="ok" workspace_id="w2" tab_id="w2:t1"
2026-09-23T18:27:25.301648Z  INFO herdr::logging: session saved event="persist.save" subsystem="persist" outcome="ok" path=/home/liam/.config/herdr/session.json workspaces=2
2026-09-23T18:31:06.535292Z  INFO herdr::logging: checking for updates event="update.check.start" subsystem="update" outcome="started"
2026-09-23T18:31:28.172636Z  INFO herdr::pane: agent changed pane=1 previous_agent=Some(Claude) agent=None pgid=Some(5932)
2026-09-23T18:39:41.514598Z  INFO herdr::server::headless: client detached client_id=2
2026-09-23T19:04:59.007419Z  INFO herdr::api::server: api server listening path=/home/liam/.config/herdr/herdr.sock
2026-09-23T19:04:59.013699Z  INFO herdr::logging: spawning pane terminal event="pane.spawn.start" subsystem="pane" outcome="started" pane_id=1 rows=24 cols=80 scrollback_limit_bytes=10000000
2026-09-23T19:04:59.017952Z  INFO herdr::logging: pane child spawned event="pane.spawned" subsystem="pane" outcome="ok" pane_id=1 pid=36217
2026-09-23T19:04:59.018764Z  INFO herdr::logging: spawning pane terminal event="pane.spawn.start" subsystem="pane" outcome="started" pane_id=2 rows=24 cols=80 scrollback_limit_bytes=10000000
2026-09-23T19:04:59.021479Z  INFO herdr::logging: pane child spawned event="pane.spawned" subsystem="pane" outcome="ok" pane_id=2 pid=36223
2026-09-23T19:04:59.022248Z  INFO herdr::logging: spawning pane terminal event="pane.spawn.start" subsystem="pane" outcome="started" pane_id=3 rows=24 cols=80 scrollback_limit_bytes=10000000
2026-09-23T19:04:59.031056Z  INFO herdr::logging: pane child spawned event="pane.spawned" subsystem="pane" outcome="ok" pane_id=3 pid=36233
2026-09-23T19:04:59.032743Z  INFO herdr::logging: spawning pane terminal event="pane.spawn.start" subsystem="pane" outcome="started" pane_id=4 rows=24 cols=80 scrollback_limit_bytes=10000000
2026-09-23T19:04:59.053918Z  INFO herdr::logging: pane child spawned event="pane.spawned" subsystem="pane" outcome="ok" pane_id=4 pid=36242
2026-09-23T19:04:59.059022Z  INFO herdr::logging: spawning pane terminal event="pane.spawn.start" subsystem="pane" outcome="started" pane_id=5 rows=24 cols=80 scrollback_limit_bytes=10000000
2026-09-23T19:04:59.076756Z  INFO herdr::logging: pane child spawned event="pane.spawned" subsystem="pane" outcome="ok" pane_id=5 pid=36261
2026-09-23T19:04:59.081603Z  INFO herdr::logging: session restore evaluated event="persist.restore" subsystem="persist" outcome="ok" workspaces=2
2026-09-23T19:04:59.081859Z  INFO herdr::app: using pane scrollback configuration pane_scrollback_limit_bytes=10000000
2026-09-23T19:04:59.837975Z  INFO herdr::logging: checking for updates event="update.check.start" subsystem="update" outcome="started"
2026-09-23T19:04:59.840819Z  INFO herdr::server::headless::bootstrap: restored session already has workspaces; ignoring startup cwd cwd=/home/liam
2026-09-23T19:04:59.841654Z  INFO herdr::server::headless: client protocol socket listening path=/home/liam/.config/herdr/herdr-client.sock
2026-09-23T19:04:59.841955Z  INFO herdr::server::headless::bootstrap: herdr server started api_socket=/home/liam/.config/herdr/herdr.sock client_socket=/home/liam/.config/herdr/herdr-client.sock
2026-09-23T19:04:59.842540Z  INFO herdr::logging: herdr starting event="app.startup" subsystem="server" outcome="started" pid=36187
2026-09-23T19:05:00.056797Z  INFO herdr::server::headless: client connected client_id=2 cols=179 rows=49 cell_width_px=9 cell_height_px=20 surface_active=true render_encoding=SemanticFrame
2026-09-23T19:13:24.000289Z  INFO herdr::pane: agent changed pane=1 previous_agent=None agent=Some(Claude) process=claude pgid=Some(85405)
2026-09-23T19:22:30.102444Z  INFO herdr::logging: tab focused event="tab.focus" subsystem="tab" outcome="ok" workspace_id="w2" tab_id="w2:t2"
2026-09-23T19:22:30.102579Z  INFO herdr::logging: tab focused event="tab.focus" subsystem="tab" outcome="ok" workspace_id="w2" tab_id="w2:t2"
2026-09-23T19:22:35.105310Z  INFO herdr::logging: session saved event="persist.save" subsystem="persist" outcome="ok" path=/home/liam/.config/herdr/session.json workspaces=2
2026-09-23T19:23:43.809812Z  INFO herdr::logging: tab focused event="tab.focus" subsystem="tab" outcome="ok" workspace_id="w2" tab_id="w2:t1"
2026-09-23T19:23:43.809943Z  INFO herdr::logging: tab focused event="tab.focus" subsystem="tab" outcome="ok" workspace_id="w2" tab_id="w2:t1"
2026-09-23T19:23:48.813102Z  INFO herdr::logging: session saved event="persist.save" subsystem="persist" outcome="ok" path=/home/liam/.config/herdr/session.json workspaces=2
2026-09-23T19:24:03.033895Z  INFO herdr::logging: tab focused event="tab.focus" subsystem="tab" outcome="ok" workspace_id="w2" tab_id="w2:t2"
2026-09-23T19:24:03.034055Z  INFO herdr::logging: tab focused event="tab.focus" subsystem="tab" outcome="ok" workspace_id="w2" tab_id="w2:t2"
2026-09-23T19:24:05.467020Z  INFO herdr::logging: tab focused event="tab.focus" subsystem="tab" outcome="ok" workspace_id="w2" tab_id="w2:t1"
2026-09-23T19:24:05.467142Z  INFO herdr::logging: tab focused event="tab.focus" subsystem="tab" outcome="ok" workspace_id="w2" tab_id="w2:t1"
2026-09-23T19:24:10.470333Z  INFO herdr::logging: session saved event="persist.save" subsystem="persist" outcome="ok" path=/home/liam/.config/herdr/session.json workspaces=2
2026-09-23T19:24:22.781965Z  INFO herdr::logging: tab focused event="tab.focus" subsystem="tab" outcome="ok" workspace_id="w2" tab_id="w2:t2"
2026-09-23T19:24:22.782078Z  INFO herdr::logging: tab focused event="tab.focus" subsystem="tab" outcome="ok" workspace_id="w2" tab_id="w2:t2"
2026-09-23T19:24:27.783931Z  INFO herdr::logging: session saved event="persist.save" subsystem="persist" outcome="ok" path=/home/liam/.config/herdr/session.json workspaces=2
2026-09-23T19:24:43.295151Z  INFO herdr::logging: tab focused event="tab.focus" subsystem="tab" outcome="ok" workspace_id="w2" tab_id="w2:t1"
2026-09-23T19:24:43.295260Z  INFO herdr::logging: tab focused event="tab.focus" subsystem="tab" outcome="ok" workspace_id="w2" tab_id="w2:t1"
2026-09-23T19:24:48.297611Z  INFO herdr::logging: session saved event="persist.save" subsystem="persist" outcome="ok" path=/home/liam/.config/herdr/session.json workspaces=2
2026-09-23T19:25:10.579697Z  INFO herdr::logging: tab focused event="tab.focus" subsystem="tab" outcome="ok" workspace_id="w2" tab_id="w2:t2"
2026-09-23T19:25:10.579875Z  INFO herdr::logging: tab focused event="tab.focus" subsystem="tab" outcome="ok" workspace_id="w2" tab_id="w2:t2"
2026-09-23T19:25:15.582671Z  INFO herdr::logging: session saved event="persist.save" subsystem="persist" outcome="ok" path=/home/liam/.config/herdr/session.json workspaces=2
2026-09-23T19:25:43.559785Z  INFO herdr::logging: tab focused event="tab.focus" subsystem="tab" outcome="ok" workspace_id="w2" tab_id="w2:t1"
2026-09-23T19:25:43.559889Z  INFO herdr::logging: tab focused event="tab.focus" subsystem="tab" outcome="ok" workspace_id="w2" tab_id="w2:t1"
2026-09-23T19:25:45.550105Z  INFO herdr::logging: tab focused event="tab.focus" subsystem="tab" outcome="ok" workspace_id="w2" tab_id="w2:t2"
2026-09-23T19:25:45.550253Z  INFO herdr::logging: tab focused event="tab.focus" subsystem="tab" outcome="ok" workspace_id="w2" tab_id="w2:t2"
2026-09-23T19:25:50.553920Z  INFO herdr::logging: session saved event="persist.save" subsystem="persist" outcome="ok" path=/home/liam/.config/herdr/session.json workspaces=2
2026-09-23T19:26:14.265127Z  INFO herdr::logging: tab focused event="tab.focus" subsystem="tab" outcome="ok" workspace_id="w2" tab_id="w2:t1"
2026-09-23T19:26:14.265265Z  INFO herdr::logging: tab focused event="tab.focus" subsystem="tab" outcome="ok" workspace_id="w2" tab_id="w2:t1"
2026-09-23T19:26:19.269055Z  INFO herdr::logging: session saved event="persist.save" subsystem="persist" outcome="ok" path=/home/liam/.config/herdr/session.json workspaces=2
2026-09-23T19:28:40.171572Z  INFO herdr::logging: tab focused event="tab.focus" subsystem="tab" outcome="ok" workspace_id="w2" tab_id="w2:t2"
2026-09-23T19:28:40.171688Z  INFO herdr::logging: tab focused event="tab.focus" subsystem="tab" outcome="ok" workspace_id="w2" tab_id="w2:t2"
2026-09-23T19:28:45.175034Z  INFO herdr::logging: session saved event="persist.save" subsystem="persist" outcome="ok" path=/home/liam/.config/herdr/session.json workspaces=2
2026-09-23T19:29:21.367852Z  INFO herdr::logging: tab focused event="tab.focus" subsystem="tab" outcome="ok" workspace_id="w2" tab_id="w2:t1"
2026-09-23T19:29:21.367998Z  INFO herdr::logging: tab focused event="tab.focus" subsystem="tab" outcome="ok" workspace_id="w2" tab_id="w2:t1"
2026-09-23T19:29:26.370692Z  INFO herdr::logging: session saved event="persist.save" subsystem="persist" outcome="ok" path=/home/liam/.config/herdr/session.json workspaces=2
2026-09-23T19:31:22.255799Z  INFO herdr::logging: tab focused event="tab.focus" subsystem="tab" outcome="ok" workspace_id="w2" tab_id="w2:t2"
2026-09-23T19:31:22.255917Z  INFO herdr::logging: tab focused event="tab.focus" subsystem="tab" outcome="ok" workspace_id="w2" tab_id="w2:t2"
2026-09-23T19:31:24.725956Z  INFO herdr::logging: tab focused event="tab.focus" subsystem="tab" outcome="ok" workspace_id="w2" tab_id="w2:t1"
2026-09-23T19:31:24.726075Z  INFO herdr::logging: tab focused event="tab.focus" subsystem="tab" outcome="ok" workspace_id="w2" tab_id="w2:t1"
2026-09-23T19:31:29.728122Z  INFO herdr::logging: session saved event="persist.save" subsystem="persist" outcome="ok" path=/home/liam/.config/herdr/session.json workspaces=2
2026-09-23T19:32:10.635234Z  INFO herdr::logging: tab focused event="tab.focus" subsystem="tab" outcome="ok" workspace_id="w2" tab_id="w2:t1"
2026-09-23T19:32:11.635696Z  INFO herdr::logging: tab focused event="tab.focus" subsystem="tab" outcome="ok" workspace_id="w2" tab_id="w2:t2"
2026-09-23T19:32:11.635852Z  INFO herdr::logging: tab focused event="tab.focus" subsystem="tab" outcome="ok" workspace_id="w2" tab_id="w2:t2"
2026-09-23T19:32:16.638840Z  INFO herdr::logging: session saved event="persist.save" subsystem="persist" outcome="ok" path=/home/liam/.config/herdr/session.json workspaces=2
2026-09-23T19:34:59.842198Z  INFO herdr::logging: checking for updates event="update.check.start" subsystem="update" outcome="started"
2026-09-23T19:37:47.691529Z  INFO herdr::logging: tab focused event="tab.focus" subsystem="tab" outcome="ok" workspace_id="w2" tab_id="w2:t1"
2026-09-23T19:37:47.691644Z  INFO herdr::logging: tab focused event="tab.focus" subsystem="tab" outcome="ok" workspace_id="w2" tab_id="w2:t1"
2026-09-23T19:37:52.694372Z  INFO herdr::logging: session saved event="persist.save" subsystem="persist" outcome="ok" path=/home/liam/.config/herdr/session.json workspaces=2
2026-09-23T19:40:15.208502Z  INFO herdr::logging: tab focused event="tab.focus" subsystem="tab" outcome="ok" workspace_id="w2" tab_id="w2:t1"
2026-09-23T19:40:16.306294Z  INFO herdr::logging: tab focused event="tab.focus" subsystem="tab" outcome="ok" workspace_id="w2" tab_id="w2:t2"
2026-09-23T19:40:16.306446Z  INFO herdr::logging: tab focused event="tab.focus" subsystem="tab" outcome="ok" workspace_id="w2" tab_id="w2:t2"
2026-09-23T19:40:21.310174Z  INFO herdr::logging: session saved event="persist.save" subsystem="persist" outcome="ok" path=/home/liam/.config/herdr/session.json workspaces=2
2026-09-23T19:40:32.290763Z  INFO herdr::logging: tab focused event="tab.focus" subsystem="tab" outcome="ok" workspace_id="w2" tab_id="w2:t1"
2026-09-23T19:40:32.290885Z  INFO herdr::logging: tab focused event="tab.focus" subsystem="tab" outcome="ok" workspace_id="w2" tab_id="w2:t1"
2026-09-23T19:40:37.292823Z  INFO herdr::logging: session saved event="persist.save" subsystem="persist" outcome="ok" path=/home/liam/.config/herdr/session.json workspaces=2
2026-09-23T19:40:58.360267Z  INFO herdr::logging: tab focused event="tab.focus" subsystem="tab" outcome="ok" workspace_id="w2" tab_id="w2:t2"
2026-09-23T19:40:58.360381Z  INFO herdr::logging: tab focused event="tab.focus" subsystem="tab" outcome="ok" workspace_id="w2" tab_id="w2:t2"
2026-09-23T19:41:03.363574Z  INFO herdr::logging: session saved event="persist.save" subsystem="persist" outcome="ok" path=/home/liam/.config/herdr/session.json workspaces=2
2026-09-23T19:41:14.845359Z  INFO herdr::logging: tab focused event="tab.focus" subsystem="tab" outcome="ok" workspace_id="w2" tab_id="w2:t1"
2026-09-23T19:41:14.845523Z  INFO herdr::logging: tab focused event="tab.focus" subsystem="tab" outcome="ok" workspace_id="w2" tab_id="w2:t1"
2026-09-23T19:41:19.848813Z  INFO herdr::logging: session saved event="persist.save" subsystem="persist" outcome="ok" path=/home/liam/.config/herdr/session.json workspaces=2
2026-09-23T19:41:57.055332Z  INFO herdr::logging: tab focused event="tab.focus" subsystem="tab" outcome="ok" workspace_id="w2" tab_id="w2:t2"
2026-09-23T19:41:57.055677Z  INFO herdr::logging: tab focused event="tab.focus" subsystem="tab" outcome="ok" workspace_id="w2" tab_id="w2:t2"
2026-09-23T19:42:02.059088Z  INFO herdr::logging: session saved event="persist.save" subsystem="persist" outcome="ok" path=/home/liam/.config/herdr/session.json workspaces=2
2026-09-23T19:42:24.119485Z  INFO herdr::logging: tab focused event="tab.focus" subsystem="tab" outcome="ok" workspace_id="w2" tab_id="w2:t1"
2026-09-23T19:42:24.119620Z  INFO herdr::logging: tab focused event="tab.focus" subsystem="tab" outcome="ok" workspace_id="w2" tab_id="w2:t1"
2026-09-23T19:42:29.122848Z  INFO herdr::logging: session saved event="persist.save" subsystem="persist" outcome="ok" path=/home/liam/.config/herdr/session.json workspaces=2
2026-09-23T19:42:34.278572Z  INFO herdr::logging: tab focused event="tab.focus" subsystem="tab" outcome="ok" workspace_id="w2" tab_id="w2:t2"
2026-09-23T19:42:34.278737Z  INFO herdr::logging: tab focused event="tab.focus" subsystem="tab" outcome="ok" workspace_id="w2" tab_id="w2:t2"
2026-09-23T19:42:36.431848Z  INFO herdr::logging: tab focused event="tab.focus" subsystem="tab" outcome="ok" workspace_id="w2" tab_id="w2:t3"
2026-09-23T19:42:36.431955Z  INFO herdr::logging: tab focused event="tab.focus" subsystem="tab" outcome="ok" workspace_id="w2" tab_id="w2:t3"
2026-09-23T19:42:37.774774Z  INFO herdr::logging: tab focused event="tab.focus" subsystem="tab" outcome="ok" workspace_id="w2" tab_id="w2:t2"
2026-09-23T19:42:37.774941Z  INFO herdr::logging: tab focused event="tab.focus" subsystem="tab" outcome="ok" workspace_id="w2" tab_id="w2:t2"
2026-09-23T19:42:39.693033Z  INFO herdr::logging: tab focused event="tab.focus" subsystem="tab" outcome="ok" workspace_id="w2" tab_id="w2:t1"
2026-09-23T19:42:44.695331Z  INFO herdr::logging: session saved event="persist.save" subsystem="persist" outcome="ok" path=/home/liam/.config/herdr/session.json workspaces=2
2026-09-23T19:42:44.913370Z  INFO herdr::logging: workspace focused event="workspace.focus" subsystem="workspace" outcome="ok" workspace_id="w3"
2026-09-23T19:42:44.913481Z  INFO herdr::logging: tab focused event="tab.focus" subsystem="tab" outcome="ok" workspace_id="w3" tab_id="w3:t1"
2026-09-23T19:42:44.913616Z  INFO herdr::logging: workspace focused event="workspace.focus" subsystem="workspace" outcome="ok" workspace_id="w3"
2026-09-23T19:42:44.913623Z  INFO herdr::logging: tab focused event="tab.focus" subsystem="tab" outcome="ok" workspace_id="w3" tab_id="w3:t1"
2026-09-23T19:42:49.916934Z  INFO herdr::logging: session saved event="persist.save" subsystem="persist" outcome="ok" path=/home/liam/.config/herdr/session.json workspaces=2
2026-09-23T19:48:48.152645Z  INFO herdr::logging: tab focused event="tab.focus" subsystem="tab" outcome="ok" workspace_id="w3" tab_id="w3:t2"
2026-09-23T19:48:48.152815Z  INFO herdr::logging: tab focused event="tab.focus" subsystem="tab" outcome="ok" workspace_id="w3" tab_id="w3:t2"
2026-09-23T19:48:49.650349Z  INFO herdr::logging: workspace focused event="workspace.focus" subsystem="workspace" outcome="ok" workspace_id="w2"
2026-09-23T19:48:49.650444Z  INFO herdr::logging: tab focused event="tab.focus" subsystem="tab" outcome="ok" workspace_id="w2" tab_id="w2:t1"
2026-09-23T19:48:49.650533Z  INFO herdr::logging: workspace focused event="workspace.focus" subsystem="workspace" outcome="ok" workspace_id="w2"
2026-09-23T19:48:49.650544Z  INFO herdr::logging: tab focused event="tab.focus" subsystem="tab" outcome="ok" workspace_id="w2" tab_id="w2:t1"
2026-09-23T19:48:54.654020Z  INFO herdr::logging: session saved event="persist.save" subsystem="persist" outcome="ok" path=/home/liam/.config/herdr/session.json workspaces=2
2026-09-23T19:49:02.877682Z  INFO herdr::logging: tab focused event="tab.focus" subsystem="tab" outcome="ok" workspace_id="w2" tab_id="w2:t2"
2026-09-23T19:49:02.877818Z  INFO herdr::logging: tab focused event="tab.focus" subsystem="tab" outcome="ok" workspace_id="w2" tab_id="w2:t2"
2026-09-23T19:49:07.881708Z  INFO herdr::logging: session saved event="persist.save" subsystem="persist" outcome="ok" path=/home/liam/.config/herdr/session.json workspaces=2
2026-09-23T19:49:29.201183Z  INFO herdr::logging: tab focused event="tab.focus" subsystem="tab" outcome="ok" workspace_id="w2" tab_id="w2:t1"
2026-09-23T19:49:29.201294Z  INFO herdr::logging: tab focused event="tab.focus" subsystem="tab" outcome="ok" workspace_id="w2" tab_id="w2:t1"
2026-09-23T19:49:34.203191Z  INFO herdr::logging: session saved event="persist.save" subsystem="persist" outcome="ok" path=/home/liam/.config/herdr/session.json workspaces=2
2026-09-23T19:50:41.021839Z  INFO herdr::logging: tab focused event="tab.focus" subsystem="tab" outcome="ok" workspace_id="w2" tab_id="w2:t2"
2026-09-23T19:50:41.022003Z  INFO herdr::logging: tab focused event="tab.focus" subsystem="tab" outcome="ok" workspace_id="w2" tab_id="w2:t2"
2026-09-23T19:50:45.707988Z  INFO herdr::logging: tab focused event="tab.focus" subsystem="tab" outcome="ok" workspace_id="w2" tab_id="w2:t1"
2026-09-23T19:50:45.708096Z  INFO herdr::logging: tab focused event="tab.focus" subsystem="tab" outcome="ok" workspace_id="w2" tab_id="w2:t1"
2026-09-23T19:50:50.711861Z  INFO herdr::logging: session saved event="persist.save" subsystem="persist" outcome="ok" path=/home/liam/.config/herdr/session.json workspaces=2
2026-09-23T19:57:44.787065Z  INFO herdr::logging: tab focused event="tab.focus" subsystem="tab" outcome="ok" workspace_id="w2" tab_id="w2:t2"
2026-09-23T19:57:44.787210Z  INFO herdr::logging: tab focused event="tab.focus" subsystem="tab" outcome="ok" workspace_id="w2" tab_id="w2:t2"
2026-09-23T19:57:49.791284Z  INFO herdr::logging: session saved event="persist.save" subsystem="persist" outcome="ok" path=/home/liam/.config/herdr/session.json workspaces=2
2026-09-23T19:58:15.823765Z  INFO herdr::logging: tab focused event="tab.focus" subsystem="tab" outcome="ok" workspace_id="w2" tab_id="w2:t1"
2026-09-23T19:58:15.823903Z  INFO herdr::logging: tab focused event="tab.focus" subsystem="tab" outcome="ok" workspace_id="w2" tab_id="w2:t1"
2026-09-23T19:58:20.826902Z  INFO herdr::logging: session saved event="persist.save" subsystem="persist" outcome="ok" path=/home/liam/.config/herdr/session.json workspaces=2
